name,paper_label,pos_label,neg_label,g-r_pos_mean,g-r_pos_std,g-r_neg_mean,g-r_neg_std,g-r_ks_stat,g-r_ks_pval,g-r_label,g-r_score,g-i_pos_mean,g-i_pos_std,g-i_neg_mean,g-i_neg_std,g-i_ks_stat,g-i_ks_pval,g-i_label,g-i_score,g-z_pos_mean,g-z_pos_std,g-z_neg_mean,g-z_neg_std,g-z_ks_stat,g-z_ks_pval,g-z_label,g-z_score,g-y_pos_mean,g-y_pos_std,g-y_neg_mean,g-y_neg_std,g-y_ks_stat,g-y_ks_pval,g-y_label,g-y_score,r-i_pos_mean,r-i_pos_std,r-i_neg_mean,r-i_neg_std,r-i_ks_stat,r-i_ks_pval,r-i_label,r-i_score,r-z_pos_mean,r-z_pos_std,r-z_neg_mean,r-z_neg_std,r-z_ks_stat,r-z_ks_pval,r-z_label,r-z_score,r-y_pos_mean,r-y_pos_std,r-y_neg_mean,r-y_neg_std,r-y_ks_stat,r-y_ks_pval,r-y_label,r-y_score,i-z_pos_mean,i-z_pos_std,i-z_neg_mean,i-z_neg_std,i-z_ks_stat,i-z_ks_pval,i-z_label,i-z_score,i-y_pos_mean,i-y_pos_std,i-y_neg_mean,i-y_neg_std,i-y_ks_stat,i-y_ks_pval,i-y_label,i-y_score,z-y_pos_mean,z-y_pos_std,z-y_neg_mean,z-y_neg_std,z-y_ks_stat,z-y_ks_pval,z-y_label,z-y_score,total,score
IC2247,SW,NE,SW,0.06090409154395503,0.04698705005272158,0.03485709097274668,0.020876418500370177,0.298743740000568,9.880018585202254e-58,SW,1,0.07163785374707285,0.05881462459101233,0.02979975426569581,0.030715274952546633,0.333507209057947,4.0174226297983775e-72,SW,1,0.1214090157040371,0.09780152162698023,0.05505058208204589,0.03541855510032165,0.3758849201465479,5.977297120875949e-92,SW,1,0.12294808971909929,0.10459614735278258,0.046321456712169876,0.0391395331127747,0.4173561738504795,5.709717852483178e-114,SW,1,0.010733762203117815,0.013893791622301973,-0.0050573367070508735,0.015598670540335325,0.42945962832880497,7.955287649434044e-121,SW,1,0.060504924160082074,0.054600510021062997,0.020193491109299206,0.021003523616538775,0.44569065899215193,1.6108312143883631e-130,SW,1,0.062043998175144256,0.06199131844184904,0.011464365739423195,0.025830459180920435,0.49492383864585204,3.5548289172327397e-162,SW,1,0.04977116195696426,0.042521567227741405,0.025250827816350078,0.022416040619084913,0.3594385171019871,6.011903126834486e-84,SW,1,0.05131023597202644,0.05007825979038034,0.01652170244647407,0.023903467761352912,0.44221914021452036,1.9997351231047454e-128,SW,1,0.0015390740150621814,0.010473116593417202,-0.00872912536987601,0.010508241951904244,0.4067276651740493,4.768561849473627e-108,SW,1,10,1
IC540,SW,E,W,0.06072791200880336,0.027351185129216186,0.025225632757982928,0.029340851696257036,0.5692067921054277,6.982856049156973e-178,W,1,0.07702896179856888,0.0415015429312242,0.013690406922250986,0.04582989673906177,0.7049458995618546,1.3636533670611739e-283,W,1,0.10771326662083042,0.060072049783269174,0.02143999271801104,0.060128839708863305,0.654774420494519,5.5969858311023614e-241,W,1,0.10883151695043934,0.06979116257996001,0.005439123174725663,0.07230718951887535,0.6548134898760577,5.583649099014399e-241,W,1,0.01630104978976552,0.021562726570385892,-0.01153522583573194,0.023772760914926847,0.5609738078866164,1.385110368050268e-172,W,1,0.046985354612027054,0.040958655495398774,-0.003785640039971886,0.040285801394375154,0.5681618637373629,3.05425370544952e-177,W,1,0.04810360494163597,0.052481028616105097,-0.019786509583257263,0.0543311384437438,0.5816706351686944,2.4061585649829446e-186,W,1,0.030684304822261536,0.025654648389799944,0.007749585795760055,0.023523362876681383,0.39474921719166445,4.7109744884832375e-83,W,1,0.03180255515187045,0.03720783285199699,-0.008251283747525323,0.03714855579866076,0.47147437900993927,9.595108969595414e-120,W,1,0.0011182503296089162,0.018908237381678912,-0.01600086954328538,0.021706101528127054,0.3757927532690417,3.727748228062992e-75,W,1,10,1
IC944,SW,N,S,0.032605221684767594,0.01824455702854781,0.0056271172477216575,0.015965927131996197,0.639362155152901,9.095159907825e-311,S,1,0.060884596314281225,0.03311775636792984,0.011770226712234507,0.023780821147765228,0.7589651613794267,0.0,S,1,0.07193244289381209,0.04459756285066398,0.009694371267766625,0.03022471465048092,0.7517189124488316,0.0,S,1,0.07822690007502071,0.04892449460500308,0.006745908555487422,0.03745174213664566,0.7566118952347703,0.0,S,1,0.02827937462951363,0.017872749845904947,0.006143109464512849,0.011941847499581982,0.6304286443207409,1.1967849022663325e-301,S,1,0.039327221209044506,0.029497427805538923,0.004067254020044968,0.01971608438388347,0.6744865897590339,0.0,S,1,0.04562167839025312,0.03395015460647148,0.0011187913077657639,0.026217812478680182,0.6748487487483648,0.0,S,1,0.011047846579530873,0.012941890028442742,-0.0020758554444678815,0.010139990093518047,0.5531825104830449,1.1367691572518564e-227,S,1,0.01734230376073949,0.017876341402524785,-0.005024318156747086,0.016927752249327587,0.5987067394565313,9.325532767400116e-270,S,1,0.0062944571812086165,0.008039689811641902,-0.002948462712279204,0.01068445297822571,0.4063090090885026,9.634537668987385e-120,S,1,10,1
MCG-02-02-040,NW,NW,SE,-0.07105409940391602,0.07668143285386349,-0.11456411180027115,0.10062234216349505,0.23665866286974527,7.589779563957207e-38,SE,-1,0.008538437374893898,0.11256932822379309,-0.038919049277447944,0.09883327973176627,0.23433476990855884,5.187534207645292e-37,SE,-1,0.04466413512049966,0.13888860176371304,0.012335213759596446,0.10005005659374545,0.21115268996577302,4.053665856106127e-30,SE,-1,0.06088581037368127,0.15819341409122098,0.04717885206132843,0.09813357951344628,0.16229669191341664,5.9546865777027676e-18,SE,-1,0.07959253677880992,0.06517206617904281,0.0756450625228232,0.05280398912103713,0.09380455778117912,2.787719877943038e-06,SE,-1,0.11571823452441568,0.09870156717717124,0.1268993255598676,0.07593735301661776,0.15393545088948032,3.7863417289192896e-16,NW,1,0.1319399097775973,0.12298905980043898,0.1617429638615996,0.09699714406690552,0.18225830319794578,1.711083814516554e-22,NW,1,0.03612569774560576,0.04224183977981824,0.05125426303704439,0.035695935481784465,0.2040742552150892,4.182916330137112e-28,NW,1,0.05234737299878737,0.06589342934630352,0.08609790133877637,0.05701978802842975,0.2396092040916139,1.0855129127674074e-38,NW,1,0.01622167525318161,0.03890537293480338,0.03484363830173198,0.04087926079645231,0.18328463500993566,8.188746923388473e-23,NW,1,0,0
MCG-02-03-015,NW,NW,SE,-0.0009187665012944873,0.020307974001261355,0.014792524409740463,0.013512077150699246,0.5469743963996837,1.7560710486718057e-167,NW,1,0.005365336308861343,0.026544021707604316,0.03355826666337409,0.030810297671761553,0.6274645745910113,7.563694241286386e-225,NW,1,0.0014477689388311572,0.03243646348876716,0.03753170961065276,0.03532028181707476,0.6834073263192038,3.236990084264257e-271,NW,1,-0.0018996233731860854,0.034701385113390035,0.03990856261483481,0.043198434756679796,0.6990289687607695,3.0367084078984833e-285,NW,1,0.00628410281015583,0.011866861898444079,0.018765742253633626,0.02189250487807366,0.3578057532080521,1.2471274208418102e-69,NW,1,0.0023665354401256446,0.01510654589478655,0.022739185200912296,0.02681535354447422,0.5601633927304426,3.609466240797644e-176,NW,1,-0.0009808568718915982,0.01845851106043007,0.025116038205094345,0.035514598130959245,0.6209248109631251,9.179055553648787e-220,NW,1,-0.003917567370030186,0.011086852723364944,0.003973442947278671,0.008680578854565418,0.4066127430112104,1.25459966510258e-90,NW,1,-0.007264959682047429,0.013845608239187821,0.006350295951460719,0.0167558635939916,0.5068114091102597,7.309721691365996e-143,NW,1,-0.0033473923120172426,0.007507674927181893,0.0023768530041820483,0.010069673371501074,0.3667518092805449,2.946772432985732e-73,NW,1,10,1
NGC1542,SW,NE,SW,0.0650423418336634,0.024576979339123464,0.02447623819617501,0.02315041582418209,0.6097237214458675,7.026399439939019e-158,SW,1,0.11900980600324103,0.04249387974884775,0.04421923672893469,0.03774197401627037,0.6635474710933473,1.491637765822656e-189,SW,1,0.13745593253752864,0.04756599136556575,0.042824356445747634,0.046276924967173325,0.7252555163326234,3.1239680713684726e-231,SW,1,0.14302296509211349,0.05123224946160995,0.0310313594273125,0.05238349576425301,0.7694226449222511,7.903150186152491e-265,SW,1,0.053967464169577616,0.023435620345339216,0.019742998532759678,0.02017640987995249,0.6248431893106164,2.757862884089303e-166,SW,1,0.07241359070386524,0.028671764637157204,0.018348118249572623,0.02945040912372774,0.7187569896237516,1.7542877007986922e-226,SW,1,0.0779806232584501,0.03264524897149621,0.006555121231137489,0.03732735546898117,0.7705361223755482,1.028492147501244e-265,SW,1,0.018446126534287625,0.008752862365342633,-0.001394880283187055,0.013736504551675865,0.6800600013614572,3.7279084985839617e-200,SW,1,0.02401315908887247,0.013380040248801009,-0.01318787730162219,0.024145416634581918,0.7441530277834505,4.330390631902234e-245,SW,1,0.005567032554584846,0.011430646631123424,-0.011792997018435135,0.015060111524626357,0.4959982884538709,9.326155855698201e-102,SW,1,10,1
NGC3067,NE,NE,SW,0.04024000514657536,0.0448400868866409,0.06208933709758057,0.04681450144632414,0.27027370282710733,4.211292811898378e-123,NE,1,0.03705147023503162,0.06408567765584186,0.06931652597069607,0.06535405719631085,0.25474696034733385,3.6832371837980027e-109,NE,1,0.056741789797550436,0.07146983158413167,0.10055140258108167,0.07208873728662618,0.34447499033884854,2.843636598919492e-201,NE,1,0.04258999107008846,0.07703730118832036,0.09204494671437768,0.07711479417976126,0.3381745443443413,7.449544102119635e-194,NE,1,-0.003188534911543736,0.02333003977051515,0.007227188873115501,0.022852101066451646,0.16320449047568622,9.175480928925379e-45,NE,1,0.016501784650975078,0.03023650478979007,0.0384620654835011,0.03020964727573337,0.34085209292858726,6.285109357764431e-197,NE,1,0.002349985923513106,0.036965546431896756,0.029955609616797108,0.03713445678944986,0.319505830384562,1.6324694625850383e-172,NE,1,0.019690319562518814,0.016254442288835796,0.031234876610385594,0.018526977390764626,0.26657509774609806,9.968163577859014e-120,NE,1,0.005538520835056842,0.02273363549476109,0.02272842074368161,0.026609174659283204,0.2854813866399684,1.7275414591400533e-137,NE,1,-0.014151798727461973,0.014076354143311383,-0.008506455866703988,0.014335255905827586,0.14957965395887168,1.179008575394094e-37,NE,1,10,1
NGC3079,SW,E,W,0.08169011277268114,0.07628737231696062,-0.07498946949009226,0.15776301396792233,0.5088414634146341,7.698753234321293e-218,W,1,0.314524594063329,0.11975441732631906,0.04472927403924003,0.19857705097407327,0.6037645811240722,4.58002107404e-313,W,1,0.38512167206929954,0.15298875783595858,0.08118580699984115,0.22241159772687485,0.5760530811829857,5.1024505164893085e-283,W,1,0.4249928683920703,0.1693941812710504,0.11012568065434755,0.22970034634571584,0.5581536467538588,1.3560357988110816e-264,W,1,0.23283448129064788,0.09284756853138498,0.11971874352933227,0.10838687315732652,0.42065806527630495,1.189872922728995e-146,W,1,0.3034315592966184,0.13312811461165258,0.1561752764899334,0.16063097712138055,0.3979277129727819,8.727062477834118e-131,W,1,0.3433027556193891,0.15484901199910783,0.1851151501444398,0.18295153797052457,0.3799472722988099,5.15865806431083e-119,W,1,0.07059707800597054,0.042625304242408915,0.03645653296060113,0.06188403868008349,0.3160524920466596,8.71527458079232e-82,W,1,0.11046827432874125,0.0646697221456787,0.06539640661510752,0.08727561067199509,0.29645045363497113,7.103900146223563e-72,W,1,0.03987119632277071,0.02654296196958274,0.028939873654506395,0.03479503444660177,0.17541828679156357,3.152544176441679e-25,W,1,10,1
NGC3169,SE,NW,SE,0.0420212444239887,0.02326236303296735,-0.006770195830754759,0.027046727227403058,0.8129187072969813,0.0,SE,1,0.08100842877226595,0.04603325016891989,0.016081341755408592,0.03609904618650054,0.7002176537004174,0.0,SE,1,0.10700191171067783,0.06357834945189529,0.03657587454689721,0.04781233021143672,0.5754151193197804,0.0,SE,1,0.10731235593348837,0.06117417195452607,0.030002018106644168,0.04987940501548128,0.6483528596432039,0.0,SE,1,0.038987184348277255,0.024956258396421675,0.02285153758616335,0.020679844709530264,0.3252696717574328,1.9926071361675587e-104,SE,1,0.06498066728668912,0.04337613873844233,0.043346070377651966,0.038523081034014424,0.28694276734845336,4.653161090527802e-81,SE,1,0.06529111150949968,0.04085735233683192,0.03677221393739893,0.03591915234891171,0.39378105604877134,3.665885883140068e-154,SE,1,0.02599348293841187,0.01860400336199878,0.020494532791488617,0.018718621695524983,0.22140103049547175,3.9932335651340486e-48,SE,1,0.02630392716122241,0.016120424556416074,0.013920676351235575,0.016572487945349452,0.44681328755338323,4.017903535669773e-200,SE,1,0.00031044422281054323,0.003386631054279462,-0.006573856440253042,0.009337891832260161,0.4532844353447523,5.063585545906194e-206,SE,1,10,1
NGC3495,NW,NW,SE,0.0009234254130311345,0.04768117405652022,0.011223136915583107,0.04226494536879442,0.08897531104104696,1.9767546026478831e-22,NW,1,0.042104347501354944,0.05959819471064874,0.056350379384018386,0.04137181713583969,0.13406494194699722,1.8563338129492959e-50,NW,1,0.01994714794422051,0.06420055176406095,0.039883825015241674,0.04890012855760538,0.16195930398278566,1.6223906885993906e-73,NW,1,-0.0005525656431246021,0.07224173060897159,0.02109033246273465,0.06154689241744243,0.14566728014070626,1.6499003994937512e-59,NW,1,0.04118092208832381,0.03460353230159102,0.045127242468435275,0.027283046658502803,0.0869310268553152,1.9592780397425195e-21,NW,1,0.019023722531189374,0.039824115847772686,0.028660688099658566,0.034813662724262506,0.10541863167388385,2.513080737222182e-31,NW,1,-0.0014759910561557366,0.05176208522813227,0.009867195547151543,0.05129703402081184,0.06893965393513121,1.2487610903413822e-13,NW,1,-0.022157199557134435,0.024943568142089236,-0.016466554368776712,0.026073968853725468,0.0963717161351518,2.9955192300645766e-26,NW,1,-0.042656913144479544,0.04358877775263693,-0.03526004692128373,0.04622412977936586,0.07464806150098087,6.066184982465273e-16,NW,1,-0.020499713587345113,0.04081691322931744,-0.018793492552507025,0.04351312825585623,0.03082627367453984,0.004449712715027355,NW,1,10,1
NGC3626,W,E,W,0.015879115369365617,0.023281800356529964,0.010992773558974305,0.01750917220692859,0.3241521430907936,2.4593547110004634e-92,W,1,0.020128331633874848,0.03171694148083922,0.012513548680803706,0.020490201042619196,0.3631546136264084,2.5355495407424424e-116,W,1,0.020176136336354015,0.02997526410873672,0.012275829729502606,0.020292658276598537,0.38344602488200635,5.792325326618489e-130,W,1,0.017455002419702242,0.03016901263737558,0.011916743944860945,0.026171992043537557,0.3874781690614584,8.629948153372246e-133,W,1,0.00424921626450923,0.012046301915231108,0.001520775121829402,0.0071707155105186875,0.3200645389557404,5.179217935050929e-90,W,1,0.004297020966988397,0.010312738446395846,0.0012830561705283008,0.007390957002738356,0.38089538044245747,3.257266300232306e-128,W,1,0.0015758870503366242,0.010810703540968135,0.000923970385886641,0.013631405551659854,0.2506787425584807,5.0442002005524e-55,W,1,4.780470247916666e-05,0.004299361850724075,-0.00023771895130110133,0.004309695838051965,0.17009054864788115,1.8496474329820823e-25,W,1,-0.0026733292141726058,0.00702934109917401,-0.0005968047359427611,0.01007084904945793,0.11792840633249989,1.8952425579821234e-12,E,-1,-0.0027211339166517724,0.004900068562594081,-0.00035908578464165973,0.012893794514031925,0.07287001675609585,5.048653546555618e-05,E,-1,6,1
NGC4517,NW,N,S,0.03925170325797682,0.04469747366746715,0.09146781627798642,0.05548186376313621,0.4186835883118228,0.0,N,1,0.12891234623608538,0.07624927969876816,0.24409105971372846,0.10059677214765676,0.47619272582423583,0.0,N,1,0.1561932590878064,0.09320224943980644,0.297972897973805,0.12072798773036203,0.4700116654342006,0.0,N,1,0.1498278322991025,0.10427003798435251,0.3060423666533582,0.13061929885268936,0.46583592857749423,0.0,N,1,0.08966064297810855,0.056610858400579035,0.15262324343574205,0.06622125016783549,0.3521238075774597,0.0,N,1,0.11694155582982957,0.07476289576273112,0.20650508169581858,0.08890707859841937,0.3887277651198385,0.0,N,1,0.11057612904112567,0.08654515674117852,0.2145745503753718,0.09941174546300893,0.3920124803681961,0.0,N,1,0.027280912851721014,0.022481379967603007,0.053881838260076545,0.02657799289591107,0.40258440925817285,0.0,N,1,0.020915486063017106,0.034496013922573156,0.06195130693962976,0.03702543491479275,0.416224505317201,0.0,N,1,-0.006365426788703909,0.019565754637294527,0.008069468679553216,0.017757485775448577,0.30281930101779425,0.0,N,1,10,1
NGC4605,NE,NE,SW,0.06010922148616025,0.029544820475369736,0.06785506162838012,0.025945289751899695,0.14775248865493423,3.97577934786565e-54,NE,1,0.09493471491269122,0.04245444431132952,0.10996689937370348,0.033484485906238176,0.20110238597090727,3.125467302477732e-100,NE,1,0.11830713033104068,0.056441882319785454,0.135789612358995,0.04254043792480844,0.18975672258604467,3.201235755108021e-89,NE,1,0.12817525347103012,0.0632878620102322,0.14811283108930023,0.04793832235551762,0.18655966550283468,3.047732869922141e-86,NE,1,0.03482549342653097,0.016235791647325314,0.042111837745323365,0.0120458019611774,0.23485339831098206,8.336545217175467e-137,NE,1,0.058197908844880436,0.029722648584891688,0.0679345507306149,0.019534807574408765,0.20996024367373164,2.7273361165371064e-109,NE,1,0.06806603198486987,0.03693919024319832,0.08025776946092013,0.02467492695010353,0.20608900615978346,2.9597596859999675e-105,NE,1,0.023372415418349467,0.017595438407965104,0.025822712985291534,0.012545773320403474,0.10805469788073203,4.1881833264191344e-29,NE,1,0.033240538558338896,0.025505708297048565,0.038145931715596756,0.017895980385612333,0.13858710729477444,1.1893150603993832e-47,NE,1,0.00986812313998943,0.012123607064406018,0.012323218730305225,0.009480348665036284,0.13677077701795218,2.0559538100946064e-46,NE,1,10,1
NGC4772,NE,NE,SW,0.006015288355350607,0.007480904094591936,0.005602256187190621,0.007875992761874288,0.06418326178408879,1.26188609808103e-05,SW,-1,0.020668006259366947,0.01714485738314567,0.0194136342449671,0.015587611332531061,0.04197619492024293,0.01172401417128058,SW,-1,0.020293286201104224,0.018508101860054388,0.019325682740288345,0.017204037496451583,0.03529579271298463,0.052670252090225675,SW,-1,0.029674902850180738,0.02809194881466173,0.027701109557546087,0.025229414357896284,0.039091013510603165,0.023196505542888286,SW,-1,0.014652717904016338,0.014936418978980738,0.013811378057776479,0.013712545671173332,0.028443815895897045,0.18766721599361674,SW,-1,0.014277997845753619,0.015438223158927566,0.013723426553097723,0.01494717255938256,0.025613672366676717,0.2918740971752978,SW,-1,0.02365961449483013,0.02690767498873448,0.022098853370355467,0.02484955372871388,0.037354927326068335,0.03411523018803554,SW,-1,-0.0003747200582627204,0.0029887358872046103,-8.795150467875718e-05,0.0023890741596065477,0.036112028409118105,0.044457183291495034,NE,1,0.009006896590813792,0.012261083625663683,0.008287475312578988,0.011466157738057417,0.035493450492230086,0.05059297527750848,SW,-1,0.009381616649076514,0.012494108651621441,0.008375426817257744,0.010763674606345537,0.03963421346082978,0.02051335735485539,SW,-1,-8,-1
NGC6314,W,E,W,0.02450480905187886,0.022201171218407145,0.009339829809134993,0.01642430683019743,0.6355691814679548,1.0264193807559123e-244,W,1,0.010959247511444932,0.008790756345313611,-0.005444389372205365,0.011107103668082955,0.8754670836485432,0.0,W,1,0.022750705643719074,0.01688160305743887,-0.0024394079119416734,0.012441652930489816,0.8614530660112716,0.0,W,1,0.01944958448661412,0.015221434766103395,-0.010041451623754841,0.014490358613503382,0.8965080180933456,0.0,W,1,-0.013545561540433928,0.015247168277116923,-0.014784219181340357,0.01886776881263201,0.04190330026194087,0.20015201779680972,W,1,-0.0017541034081597845,0.006436846030660406,-0.011779237721076667,0.014526392563608081,0.49161451376848575,8.518945577366387e-142,W,1,-0.005055224565264739,0.008267622946973955,-0.019381281432889832,0.01918219635092439,0.4816466440560175,8.342073223398959e-136,W,1,0.011791458132274144,0.009861728839704457,0.003004981460263691,0.0062631693933622255,0.6191487102639558,3.0217444508193005e-231,W,1,0.00849033697516919,0.008566642796285197,-0.0045970622515494755,0.006089438963460809,0.7844622369581559,0.0,W,1,-0.0033011211571049547,0.0039201619191321715,-0.007602043711813167,0.005876770703596391,0.3659800220315077,3.441410183655636e-77,W,1,10,1
NGC681,NW,NW,SE,0.01687183167436938,0.023390013039360297,0.03342889698435005,0.012223346671388031,0.5790248835232736,2.785655449414772e-279,NW,1,0.044659239974392494,0.04544818434313059,0.06679773907382093,0.020164715542764968,0.6163324875458307,1.901e-319,NW,1,0.05279719315957743,0.053468874828689304,0.0792963269599882,0.025873850068599238,0.5784718129424099,1.044989266473584e-278,NW,1,0.04665267379390012,0.054843639019015136,0.08002008716043987,0.02426283636074649,0.6269171355720853,0.0,NW,1,0.02778740830002311,0.025644440096817274,0.03336884208947088,0.012439388083996744,0.32054302039195737,3.349437654773597e-82,NW,1,0.03592536148520804,0.03351989406037037,0.04586742997563815,0.0175214062988601,0.40031391330781496,3.434401950136216e-129,NW,1,0.029780842119530734,0.03442661308882992,0.04659119017608983,0.01581016617731086,0.49662729308708303,7.089380856859255e-202,NW,1,0.008137953185184935,0.012673524789891361,0.01249858788616727,0.007223749153476964,0.4737671458083888,5.407061748381133e-183,NW,1,0.0019934338195076243,0.015583060590081483,0.013222348086618945,0.006463866936134313,0.558960798059445,4.59525279933979e-259,NW,1,-0.0061445193656773115,0.007792217569399906,0.0007237602004516756,0.00406243303707392,0.44865222003709887,1.7841045209725245e-163,NW,1,10,1
UGC10205,SW,NE,SW,0.11258490658257363,0.05246643152942745,0.03752885182147138,0.03052897570893989,0.6470953498600037,0.0,SW,1,0.16932114857105027,0.08075663145626208,0.058118774833859285,0.04339202587244307,0.6449291454930496,0.0,SW,1,0.16909558589604828,0.07906463179111144,0.044921751958190974,0.057120587866843826,0.6637773297510549,0.0,SW,1,0.19005406878619793,0.09469639841344654,0.05293680641629465,0.05879329735431853,0.6459910559157671,0.0,SW,1,0.05673624198847663,0.03152847500743344,0.02058992301238791,0.01746979579711236,0.5829397616942957,2.139862610342097e-292,SW,1,0.05651067931347466,0.028070897941312376,0.007392900136719593,0.03139031864441712,0.654607683900213,0.0,SW,1,0.07746916220362429,0.04608427395872042,0.015407954594823269,0.03289645076426723,0.610422572418488,6e-323,SW,1,-0.00022556267500196533,0.01136541555288263,-0.013197022875668318,0.02520514913210723,0.41429718106037183,4.990520921078013e-143,SW,1,0.020732920215147665,0.015622439695041847,-0.005181968417564643,0.020082183806679223,0.6184821183632413,0.0,SW,1,0.02095848289014963,0.02209562756275821,0.008015054458103675,0.015695492278444613,0.34628266034978017,3.543473340106895e-99,SW,1,10,1
UGC10297,W,W,E,0.009065623875612628,0.0650771546398701,-0.005088718146852358,0.06208294612381444,0.08443453856731709,0.00024524124388755007,E,-1,0.032092657295575394,0.08679369977795583,0.021149907120386696,0.07768446703957718,0.08277570174676284,0.0003478612814973006,E,-1,0.006049601333023349,0.09926106404671972,0.018495260938474985,0.08131828108935624,0.12741221455993537,2.5570423420824476e-09,W,1,0.012043100396772352,0.1160085426707598,0.040538684309271565,0.09043064055232246,0.18578972390207496,2.3351725488423533e-19,W,1,0.023027033419962765,0.052677096573174195,0.026238625267239055,0.05549764213518392,0.038771796195666064,0.2930395397651146,W,1,-0.0030160225425892775,0.0685719665197384,0.023583979085327344,0.06268854866553313,0.18569004033350545,2.451279574653861e-19,W,1,0.002977476521159725,0.09174105682426889,0.04562740245612392,0.07578777897046254,0.24363814353411478,4.339258703446839e-33,W,1,-0.026043055962552044,0.05131346195786156,-0.0026546461819117093,0.04924379510432277,0.2238726810790363,5.7314912796837614e-28,W,1,-0.02004955689880304,0.08396424014406205,0.019388777188884865,0.07623918404766265,0.22722486057080346,8.321223869135384e-29,W,1,0.005993499063749003,0.08160604802040311,0.022043423370796577,0.07712435635117637,0.11912314243503955,3.363211796918267e-08,W,1,6,1
UGC3107,SE,N,S,0.0805192877679452,0.0481678041915285,0.054159689052215125,0.04339298718120311,0.2385954297574638,3.2166190701189688e-18,S,1,0.09859899395208706,0.0564429495849693,0.05257647173550434,0.04754246747908404,0.35044135736924564,3.53871358229601e-39,S,1,0.11258177128468957,0.07126045792661846,0.04938389344217398,0.04846028535426476,0.408342716100829,3.395474312122082e-53,S,1,0.0974800567072849,0.07499978179970429,0.019597785992590083,0.0555218333160112,0.45929615219717035,1.0256989855861038e-67,S,1,0.018079706184141855,0.03138332040436845,-0.0015832173167107885,0.029560788247798887,0.2738519299117285,8.799468635703048e-24,S,1,0.03206248351674437,0.042923734448806004,-0.004775795610041144,0.029328189692054422,0.4126781557152073,1.4091248851712614e-54,S,1,0.01696076893933971,0.04850293863102389,-0.034561903059625046,0.03854368653535753,0.4495394096269198,4.868012139417028e-65,S,1,0.013982777332602518,0.03224336865491637,-0.0031925782933303554,0.025739078180577375,0.24149039752214801,1.139088213890926e-18,S,1,-0.0011189372448021442,0.03726579952359121,-0.03297868574291425,0.031108070010171837,0.3702633719462598,8.801517364483121e-44,S,1,-0.015101714577404664,0.02630991708224928,-0.0297861074495839,0.02769902489641504,0.22274422909713068,8.5740062439116975e-16,S,1,10,1
UGC5111,SW,NE,SW,0.05332101991837116,0.03524356054101416,0.012872463668935442,0.029088496530275423,0.4924791179279313,9.58661696936737e-133,SW,1,0.09386427623290296,0.05330767691513322,0.025295668373035336,0.03762722742727486,0.6082135455110321,1.7143742872031276e-207,SW,1,0.1261828088665694,0.08436172287974307,0.037313167645721235,0.04840089023578861,0.5548959753793802,1.3444160867341383e-170,SW,1,0.10732133594557942,0.0731618956496544,0.00921746787328021,0.05271554935504852,0.6324373051319369,5.953260181358512e-226,SW,1,0.040543256314531796,0.026015831951903906,0.012423204704099891,0.016621173594258916,0.5268599952460186,8.60133307914033e-153,SW,1,0.07286178894819825,0.05861297840012594,0.024440703976785792,0.03608882861949842,0.4690282278074554,6.792460003261823e-120,SW,1,0.05400031602720826,0.04707044024127708,-0.003654995795655233,0.034784083923763226,0.5921876238016005,1.1762351064437658e-195,SW,1,0.03231853263366645,0.03575759326162782,0.012017499272685899,0.02713748502710248,0.32817901659306337,9.377390126914315e-58,SW,1,0.013457059712676462,0.025047706421172097,-0.016078200499755124,0.023391309601525138,0.5236309019915291,9.180634320661205e-151,SW,1,-0.01886147292098999,0.019842835275793853,-0.028095699772441023,0.025317280756737694,0.172335303038517,4.754327690818543e-16,SW,1,10,1
UGC5498,NW,NW,SE,-0.036789254057873345,0.05587862982590935,-0.03540291268859179,0.06168211026863897,0.05355679310707156,0.7378761878076725,NW,1,0.008548796844307685,0.0470967971817352,0.020420721554828266,0.05119723938529288,0.12471367027424608,0.014551943218768942,NW,1,0.01902319476954906,0.07493126678093681,0.03510312454647294,0.07237271540990783,0.1463801618156982,0.002310415570595383,NW,1,-0.0375522710079576,0.10505912342035731,-0.01924705231382001,0.09437859274607416,0.11459493537879584,0.03101120584254566,NW,1,0.04533805090218103,0.06117431392996875,0.05582363424342005,0.05585650554761143,0.0868025638331407,0.18011313263922868,NW,1,0.0558124488274224,0.08161825511663595,0.07050603723506474,0.0715611461606089,0.10334138909320163,0.06724504974703488,NW,1,-0.0007630169500842545,0.10910275172609031,0.01615586037477178,0.09848354361589257,0.1263633497951035,0.012792459500658167,NW,1,0.010474397925241375,0.06509911136531561,0.014682402991644678,0.06152543954184871,0.07117789219291794,0.3885923961445391,NW,1,-0.04610106785226528,0.09425314365898554,-0.039667773868648275,0.09537644712024451,0.06158453294105285,0.5709219151495742,NW,1,-0.056575465777506655,0.09148254402117627,-0.054350176860292955,0.08866484528365146,0.05024692655248503,0.8033509276544413,NW,1,10,1
UGC6036,NE,N,S,0.00041987457621020285,0.008503052619251893,0.006045192510551103,0.0059749739458857315,0.30674741047379744,2.5687271787537352e-49,N,1,0.016243893950013445,0.014903489847429703,0.02679368497280779,0.021662950897436174,0.2204349319402014,1.3845914105633694e-25,N,1,0.02903588342648792,0.02667022940814697,0.041304099392707676,0.03505273097788034,0.17191561669589112,1.059009790742409e-15,N,1,0.02051236763180412,0.022916908742578863,0.03354851107592572,0.030620931323016215,0.20420831902239736,5.276367095808453e-22,N,1,0.01582401937380324,0.01622851449083202,0.020748492462256688,0.020499651948863752,0.12259296082720222,3.4511397845632836e-08,N,1,0.028616008850277718,0.02913465236237136,0.03525890688215657,0.034340076144164546,0.10569316148158861,3.373712095976953e-06,N,1,0.020092493055593914,0.024942499355184874,0.027503318565374614,0.029882970547479626,0.15063323632025163,3.810382594050198e-12,N,1,0.012791989476474478,0.013770356204374019,0.014510414419899881,0.014459608250649101,0.06934254053760915,0.006540845627633342,N,1,0.004268473681790675,0.010451247479818324,0.006754826103117928,0.010630788662981424,0.165632784395958,1.5677010199193662e-14,N,1,-0.008523515794683802,0.00806093657323442,-0.007755588316781955,0.007007800856128515,0.07393047596666606,0.0030093455288740293,N,1,10,1
UGC8267,NW,NW,SE,0.02927883274175904,0.07187386833689363,0.054521760352426354,0.0650232610991195,0.1784868364999574,5.914454490360748e-14,NW,1,0.06127198400891825,0.08411911907094388,0.09983691330111019,0.0672128557129466,0.2537275283292153,7.66427692609958e-28,NW,1,0.0455177632922476,0.09228698861070671,0.10865944734289666,0.07486847423690318,0.3210786401976655,8.347239836163298e-45,NW,1,0.020224637894560235,0.09720892397766129,0.1039911265304965,0.08146564249007443,0.3644990201925535,7.019143859045372e-58,NW,1,0.03199315126715921,0.037208560956465346,0.04531515294868384,0.03204934525522433,0.15437079321802846,1.5196488449489416e-10,NW,1,0.01623893055048856,0.04622476418970533,0.05413768699047031,0.04090170595728726,0.3240777029905427,1.4138949793275104e-45,NW,1,-0.009054194847198804,0.05470256557147551,0.04946936617807015,0.053844812344556105,0.3901422850813666,1.995391020754544e-66,NW,1,-0.01575422071667065,0.029106279773735335,0.00882253404178647,0.03340953985764156,0.3067329811706569,7.411983950226841e-41,NW,1,-0.04104734611435801,0.039319511818447575,0.004154213229386309,0.047594996953649014,0.379881997103178,5.700612389114039e-63,NW,1,-0.025293125397687362,0.03368047576555448,-0.004668320812400162,0.03546999593178332,0.22500213001618813,5.227858084471265e-22,NW,1,10,1
UGC8778,NE,NE,SW,0.0006451886756537117,0.025323657469284062,0.03892324243405605,0.02605966033428956,0.555383386026474,1.0852801691368003e-152,NE,1,0.03588680311826397,0.02752647602971642,0.10459860430279103,0.046337235753007654,0.6829152624813258,5.927673560260735e-239,NE,1,0.0413985263728145,0.03124448585457729,0.1193924791306832,0.05502017274491573,0.675782579995136,7.711983904846361e-234,NE,1,0.028187252832228473,0.03434717283035005,0.1151961372562833,0.06347645410599771,0.6842042177674321,2.2056099808264072e-240,NE,1,0.03524161444261026,0.0217950301594105,0.06567536186873497,0.031567668413592875,0.5068946947851162,6.057675528871515e-126,NE,1,0.04075333769716079,0.026464347945058024,0.08046923669662714,0.040516697263463866,0.5356321439738735,1.896181595972783e-141,NE,1,0.02754206415657476,0.029860389986807533,0.07627289482222725,0.04912785259256636,0.5449206128617586,1.0660370461692546e-146,NE,1,0.005511723254550527,0.009047781455731353,0.01479387482789217,0.011854706521813897,0.3700482923948164,6.36855691923553e-66,NE,1,-0.007699550286035498,0.014040964646643402,0.010597532953492273,0.020919382977775566,0.40373484348400096,8.243392587662766e-79,NE,1,-0.013211273540586025,0.014000209831466895,-0.004196341874399897,0.015216099695817734,0.24098599867977627,7.738665803016334e-28,NE,1,10,1
UGC9665,NE,NE,SW,0.01245558683096973,0.0400672994488734,0.01382186246158678,0.0335543562878538,0.09556699666585554,1.5976095297350913e-06,NE,1,0.02094542657700824,0.059714582488095004,0.032978380332263836,0.04540966088369688,0.2080002390679764,2.0607044250082465e-29,NE,1,0.019564036036433738,0.06747773894772194,0.046744727842104615,0.05505332915470467,0.2778862121813672,1.822263573893107e-52,NE,1,-0.007279122934914103,0.07950436929710616,0.03280714163307288,0.06447805857474428,0.3066563355148286,5.667325626103312e-64,NE,1,0.008489839746038508,0.026248292716960494,0.019156517870677056,0.02130942201657564,0.268770464859142,4.6920542997762935e-49,NE,1,0.007108449205464008,0.0344891267218824,0.032922865380517835,0.0332502685416452,0.3772411555521403,2.0630365191315178e-97,NE,1,-0.01973470976588383,0.04776101489765519,0.0189852791714861,0.04504970307828615,0.3681057705032808,1.1884956733792686e-92,NE,1,-0.0013813905405745007,0.015441291199902778,0.013766347509840775,0.02042991404078066,0.33614537040594594,5.0486127801187226e-77,NE,1,-0.02822454951192234,0.030120300866686774,-0.00017123869919095854,0.033100918730678566,0.3641999974385574,1.1906097817103298e-90,NE,1,-0.02684315897134784,0.025539847354529934,-0.013937586209031733,0.025432844615995844,0.22512561741439446,1.465604571196539e-34,NE,1,10,1
