name,paper_label,pos_label,neg_label,g-r_pos_mean,g-r_neg_mean,g-r_mean_diff,g-r_ks_stat,g-r_ks_pval,g-r_label,g-r_score,g-i_pos_mean,g-i_neg_mean,g-i_mean_diff,g-i_ks_stat,g-i_ks_pval,g-i_label,g-i_score,g-z_pos_mean,g-z_neg_mean,g-z_mean_diff,g-z_ks_stat,g-z_ks_pval,g-z_label,g-z_score,g-y_pos_mean,g-y_neg_mean,g-y_mean_diff,g-y_ks_stat,g-y_ks_pval,g-y_label,g-y_score,r-i_pos_mean,r-i_neg_mean,r-i_mean_diff,r-i_ks_stat,r-i_ks_pval,r-i_label,r-i_score,r-z_pos_mean,r-z_neg_mean,r-z_mean_diff,r-z_ks_stat,r-z_ks_pval,r-z_label,r-z_score,r-y_pos_mean,r-y_neg_mean,r-y_mean_diff,r-y_ks_stat,r-y_ks_pval,r-y_label,r-y_score,i-z_pos_mean,i-z_neg_mean,i-z_mean_diff,i-z_ks_stat,i-z_ks_pval,i-z_label,i-z_score,i-y_pos_mean,i-y_neg_mean,i-y_mean_diff,i-y_ks_stat,i-y_ks_pval,i-y_label,i-y_score,z-y_pos_mean,z-y_neg_mean,z-y_mean_diff,z-y_ks_stat,z-y_ks_pval,z-y_label,z-y_score,total,score
IC750,SE,NW,SE,0.02611057006068573,0.03033201631481325,-0.004221446254127521,0.20649819494584837,1.0741843941578897e-05,NW,-1,0.041171404394582195,0.047374188620646684,-0.006202784226064489,0.18553378029912326,0.00010968988072963286,NW,-1,0.03743806022138367,0.03042305822957731,0.007015001991806359,0.1435662712738525,0.0055540909486371986,SE,1,0.028531577336646616,0.017868797317312085,0.01066278001933453,0.21491748323878287,3.813272155258086e-06,SE,1,0.01506083433389646,0.017042172305833433,-0.0019813379719369733,0.13327746260959258,0.012413858427092674,NW,-1,0.011327490160697937,9.10419147640566e-05,0.01123644824593388,0.3361913357400722,1.6237806627120188e-14,SE,1,0.002421007275960884,-0.01246321899750117,0.014884226273462054,0.26686436307374933,3.2616394399617593e-09,SE,1,-0.003733344173198521,-0.016951130391069377,0.013217786217870856,0.5425605982465188,3.747463295519417e-38,SE,1,-0.012639827057935574,-0.0295053913033346,0.016865564245399027,0.286397627643115,1.2650338411442564e-10,SE,1,-0.008906482884737053,-0.012554260912265226,0.0036477780275281733,0.1593604951005673,0.0014321436520767774,SE,1,4,1
IC764,E,E,W,0.025624042985399335,0.028559322781335997,-0.0029352797959366628,0.06646109868586478,0.060529058021079475,E,1,0.05049318429492134,0.05689453794829813,-0.006401353653376789,0.11435160065111231,6.73744549293283e-05,E,1,0.045863433115006624,0.054556280849621754,-0.00869284773461513,0.1105931474398846,0.00013127970756598545,E,1,0.037183266927497294,0.051012011581101385,-0.013828744653604091,0.17684084803409075,4.177511701164884e-11,E,1,0.024869141309522003,0.028335215166962132,-0.0034660738574401294,0.07590520492833794,0.021025636109942434,E,1,0.020239390129607286,0.025996958068285756,-0.00575756793867847,0.15292206503182776,2.0195983382758375e-08,E,1,0.011559223942097959,0.022452688799765384,-0.010893464857667425,0.18663400076757142,2.580411515470505e-12,E,1,-0.004629751179914713,-0.002338257098676371,-0.002291494081238342,0.056732461654513455,0.15485262003957356,E,1,-0.013309917367424042,-0.005882526367196745,-0.007427391000227297,0.18427504201791883,5.272414333613155e-12,E,1,-0.008680166187509329,-0.0035442692685203753,-0.0051358969189889535,0.19841059777933645,7.454627310011687e-14,E,1,10,1
NGC1309,SW,NW,SE,0.00908645749629175,0.010703717334878286,-0.0016172598385865364,0.22938879037507576,2.2910662689004153e-07,NW,0,0.023226115262766488,0.026402592019763204,-0.0031764767569967163,0.21286839801575722,1.9202125181448445e-06,NW,0,0.023955382528068,0.026763746093729064,-0.0028083635656610643,0.1860115373392292,5.157847683906464e-05,NW,0,0.01730275699367267,0.020753113119637796,-0.0034503561259651254,0.18291396377185698,6.838067266103669e-05,NW,0,0.014139657766474738,0.015698874684884914,-0.0015592169184101765,0.2225202576822069,6.216633989631854e-07,NW,0,0.01486892503177625,0.016060028758850778,-0.001191103727074528,0.20585396511862808,5.284102522872713e-06,NW,0,0.008216299497380924,0.01004939578475951,-0.0018330962873785855,0.16630378667145518,0.00039674440786818604,NW,0,0.000729267265301514,0.0003611540739658623,0.0003681131913356517,0.11360014365558574,0.037043461233572696,SE,0,-0.005923358269093813,-0.005649478900125404,-0.0002738793689684091,0.15253305200781128,0.0016151900459492224,NW,0,-0.006652625534395327,-0.006010632974091266,-0.000641992560304061,0.09256806805683374,0.13899651993520853,NW,0,0,0
NGC1324,SW,NE,SW,0.017726283738664406,0.004661928717348066,0.01306435502131634,0.6876005753264693,1.1991278944477341e-60,SW,1,0.03260132382733338,0.008792149432399803,0.023809174394933574,0.6954899531479187,3.804581384680091e-62,SW,1,0.04108378986375744,0.011999138142622368,0.029084651721135075,0.7140456558579342,5.858399622440756e-66,SW,1,0.03833840756145971,0.0065906760180136905,0.03174773154344602,0.759388217199983,7.734399398454412e-76,SW,1,0.014875040088668964,0.004130220715051737,0.010744819373617227,0.6614972728955726,1.154484725472123e-55,SW,1,0.02335750612509304,0.007337209425274305,0.016020296699818734,0.6648438501303029,2.563457239554676e-56,SW,1,0.020612123822795297,0.0019287473006656247,0.01868337652212967,0.7972401418379117,6.447560257961456e-85,SW,1,0.008482466036424075,0.0032069887102225665,0.005275477326201508,0.6159838225032398,9.797607490751562e-48,SW,1,0.005737083734126332,-0.002201473414386113,0.007938557148512444,0.653437006023839,3.2418551757469116e-54,SW,1,-0.0027453823022977426,-0.00540846212460868,0.0026630798223109377,0.20404152603921905,2.5197370384221702e-05,SW,1,10,1
NGC1337,NE,NE,SW,0.05775748630849429,0.06672371952615157,-0.008966233217657278,0.1310406001317857,1.2998779259839662e-08,NE,1,0.08158038874474953,0.09506709467594968,-0.013486705931200146,0.10895804822004831,4.33561472584959e-06,NE,1,0.09008913957199048,0.10812535703460857,-0.01803621746261809,0.11903965397806951,3.485689475371931e-07,NE,1,0.06898159548519103,0.09117710875014332,-0.022195513264952282,0.1455910926385862,1.5413288536768542e-10,NE,1,0.02382290243625525,0.02834337514979811,-0.004520472713542858,0.1032169226350381,1.6455762041558362e-05,NE,1,0.03233165326349619,0.041401637508457,-0.009069984244960805,0.11878284082653286,3.7072459465273266e-07,NE,1,0.01122410917669675,0.024453389223991723,-0.013229280047294973,0.12906043556862148,2.2671025642914636e-08,NE,1,0.008508750827240945,0.013058262358658888,-0.0045495115314179435,0.12670856775981212,4.437902062033796e-08,NE,1,-0.012598793259558495,-0.0038899859258063837,-0.008708807333752112,0.1853751668440705,8.226718308169143e-17,NE,1,-0.021107544086799438,-0.01694824828446527,-0.004159295802334168,0.13222667139743524,9.268583655677686e-09,NE,1,10,1
NGC1353,SW,NE,SW,0.002396616280133366,-0.002466954341669373,0.004863570621802739,0.35694980694980694,4.298193345028215e-32,SW,1,0.0066589508428649665,-0.0033124259498080668,0.009971376792673034,0.5380952380952381,1.440480346948195e-74,SW,1,0.012222751280142592,-0.0014983380509270424,0.013721089331069634,0.6171492921492922,8.553526520236966e-100,SW,1,0.011040873565208588,-0.0038270032147664267,0.014867876779975014,0.5762065637065638,4.7971363340157444e-86,SW,1,0.004262334562731602,-0.0008454716081386947,0.0051078061708702965,0.6433075933075934,2.097491256790481e-109,SW,1,0.009826135000009227,0.0009686162907423302,0.008857518709266897,0.6004182754182754,2.9915367347102835e-94,SW,1,0.008644257285075221,-0.0013600488730970543,0.010004306158172275,0.6114864864864865,6.29539919700185e-98,SW,1,0.0055638004372776245,0.001814087898881025,0.0037497125383965995,0.47746138996139,5.067355286030575e-58,SW,1,0.004381922722343622,-0.0005145772649583596,0.004896499987301982,0.4937419562419562,3.55146344053067e-62,SW,1,-0.0011818777149340026,-0.002328665163839385,0.0011467874489053823,0.12493564993564994,0.0002908320828979796,SW,1,10,1
NGC1385,W,W,E,-0.013265272588688934,-0.005329676471898585,-0.00793559611679035,0.3021520222820006,3.9872981358366673e-29,W,1,-0.017973741400401057,-0.0027191285201882387,-0.015254612880212818,0.29990636481221383,1.089501129627338e-28,W,1,-0.017342114662756196,-0.00011833531661881652,-0.01722377934613738,0.2868291792637735,2.9942551388247925e-26,W,1,-0.026590485824848593,-0.005390655799406138,-0.021199830025442457,0.269272581553868,3.674314576728622e-23,W,1,-0.0047084688117121284,0.002610547951710346,-0.007319016763422474,0.3738384872362543,1.0058663701699597e-44,W,1,-0.004076842074067264,0.005211341155279767,-0.009288183229347031,0.309575388228946,1.4516422269477524e-30,W,1,-0.013325213236159662,-6.097932750755242e-05,-0.013264233908652109,0.26693566945191677,9.240743131485801e-23,W,1,0.0006316267376448642,0.002600793203569422,-0.0019691664659245577,0.16970981026971696,2.054273827539275e-09,W,1,-0.008616744424447532,-0.002671527279217897,-0.005945217145229635,0.20572364923306433,1.2048048484170156e-13,W,1,-0.009248371162092395,-0.00527232048278732,-0.003976050679305075,0.2270137516763079,1.542600843505967e-16,W,1,10,1
NGC1415,SW,NE,SW,0.08105386753874831,0.0041327910943412295,0.07692107644440709,0.8504273504273504,2.3303241694279665e-10,SW,1,0.13929419816568941,0.015597062099732002,0.12369713606595742,0.886039886039886,4.145583521332821e-11,SW,1,0.14361617244178565,-0.011542078195137816,0.15515825063692346,0.8504273504273504,2.3303241694279665e-10,SW,1,0.17333017737345963,-0.007219184624168591,0.18054936199762822,0.8490028490028491,4.1670736609071777e-10,SW,1,0.058240330626941124,0.011464271005390771,0.046776059621550355,0.8148148148148148,8.860491380854038e-10,SW,1,0.06256230490303734,-0.01567486928947905,0.07823717419251638,0.8133903133903134,1.7944163819257074e-09,SW,1,0.0922763098347113,-0.01135197571850982,0.10362828555322112,0.8518518518518519,9.609133059582583e-11,SW,1,0.004321974276096207,-0.02713914029486981,0.031461114570966016,0.8076923076923077,5.8957869201189294e-09,SW,1,0.03403597920777017,-0.022816246723900587,0.05685222593167076,0.8518518518518519,9.609133059582583e-11,SW,1,0.029714004931673955,0.004322893570969227,0.025391111360704727,0.5170940170940171,0.0005854514666045975,SW,1,10,1
NGC150,NE,NE,SW,0.00402094003381426,0.007423271970751823,-0.003402331936937563,0.29044481054365734,3.304431832582113e-23,NE,1,-0.00012985814658121548,0.0034192239995149785,-0.003549082146096194,0.1696086639479299,4.074188633632745e-08,NE,1,0.000159767500155069,0.005181530440227039,-0.00502176294007197,0.2362546250033759,1.9294732273730025e-15,NE,1,0.00032023656459129174,0.006911391362422514,-0.006591154797831222,0.3213060739460394,2.6245136981197637e-28,NE,1,-0.004150798180395474,-0.004004047971236845,-0.00014675020915862983,0.05856267048370108,0.2340533317794339,NE,1,-0.0038611725336591897,-0.0022417415305247845,-0.0016194310031344052,0.10910686796121749,0.0012757879551730873,NE,1,-0.003700703469222968,-0.0005118806083293084,-0.0031888228608936593,0.24787587436195208,5.847237727401202e-17,NE,1,0.0002896256467362841,0.0017623064407120603,-0.0014726807939757763,0.4213141761417344,7.349423904739512e-49,NE,1,0.00045009471117250685,0.0034921673629075356,-0.0030420726517350286,0.40800496934669295,8.948412226997012e-46,NE,1,0.00016046906443622274,0.0017298609221954755,-0.0015693918577592528,0.3375617792421746,3.423772323481028e-31,NE,1,10,1
NGC1964,NW,NW,SE,-0.0002472531994524597,-0.0011834987520494525,0.0009362455525969927,0.2642035411637561,3.10952332472683e-17,SE,-1,-0.010327897018953156,-0.009660335366598266,-0.0006675616523548894,0.15325852380808092,4.578020700343594e-06,NW,1,-0.00660143328259386,-0.0023254421058829444,-0.004275991176710916,0.2729133630282034,2.394125592771075e-18,NW,1,-0.005693452073215722,-0.0011512113093981053,-0.004542240763817616,0.32821585005774,1.8013796682202067e-26,NW,1,-0.010080643819500695,-0.008476836614548816,-0.0016038072049518789,0.14202026119365296,2.854605674959313e-05,NW,1,-0.006354180083141402,-0.001141943353833492,-0.0052122367293079095,0.2534096915706297,6.755912207405221e-16,NW,1,-0.0054461988737632624,3.228744265134701e-05,-0.005478486316414609,0.3211321758394188,2.2167378410605664e-25,NW,1,0.003726463736359294,0.007334893260715322,-0.003608429524356028,0.17927351938078454,3.890376716351196e-08,NW,1,0.004634444945737433,0.008509124057200161,-0.0038746791114627277,0.20903572474673507,6.476625645174892e-11,NW,1,0.0009079812093781381,0.0011742307964848393,-0.00026624958710670123,0.3434504630985688,4.261611144623027e-29,NW,1,8,1
NGC210,E,E,W,0.003934926305129987,0.008587377427476695,-0.004652451122346708,0.3691054857647876,8.827845504917458e-14,E,1,0.014375142785350315,0.022284047563882966,-0.007908904778532651,0.23647497001451928,7.512117491378194e-06,E,1,0.02737492283252941,0.035523030211472614,-0.008148107378943205,0.1813016854996528,0.001269850005554239,E,1,0.027145992624827427,0.03580679014067676,-0.008660797515849333,0.22210298171411738,3.11171640429227e-05,E,1,0.010440216480220327,0.013696670136406264,-0.0032564536561859366,0.1586389748121962,0.007093165491182224,E,1,0.02343999652739942,0.026935652783995914,-0.003495656256596494,0.12646508006649412,0.05412070690291018,E,1,0.02321106631969744,0.02721941271320007,-0.004008346393502629,0.15382025545525324,0.00985268052622907,E,1,0.012999780047179093,0.013238982647589652,-0.00023920260041055894,0.07103928624034678,0.6045233794038897,E,1,0.012770849839477115,0.0135227425767938,-0.0007518927373166839,0.09001956947162426,0.3111371593961536,E,1,-0.00022893020770197825,0.00028375992920414653,-0.0005126901369061248,0.13166256339035834,0.04028336204450882,E,1,10,1
NGC2268,S,N,S,0.008401147050905715,0.002672348199336896,0.005728798851568819,0.37648790200406873,9.369455172371784e-20,S,1,0.02260268444712995,0.011905821986841494,0.010696862460288455,0.45561182530407307,5.0471815950128216e-29,S,1,0.02332348043871701,0.009035988891121902,0.01428749154759511,0.4719516945851188,3.29246450140234e-31,S,1,0.026793463599733048,0.010652825451849366,0.016140638147883683,0.48855127039778384,1.7357977439391876e-33,S,1,0.014201537396224229,0.009233473787504599,0.00496806360871963,0.4381032766307406,7.44310449179829e-27,S,1,0.014922333387811295,0.006363640691785008,0.008558692696026287,0.5203653205211445,2.874394987103108e-38,S,1,0.01839231654882733,0.00798047725251247,0.010411839296314859,0.5401463013461455,2.2614091375389943e-41,S,1,0.0007207959915870637,-0.0028698330957195894,0.003590629087306653,0.24953469246418214,8.172940640882137e-09,S,1,0.0041907791526031,-0.0012529965349921273,0.005443775687595227,0.4747868242219625,1.1925254201993355e-31,S,1,0.0034699831610160367,0.001616836560727462,0.0018531466002885747,0.281370384798511,4.061367603204378e-11,S,1,10,1
NGC255,NW,NW,SE,-0.024279783885082996,-0.02533557145819701,0.0010557875731140136,0.047353328683251955,0.918926536996453,SE,-1,-0.024662541205430964,-0.024940771307133767,0.00027823010170280327,0.11147795086414013,0.07647557996714854,SE,-1,-0.032217004525400376,-0.034106410950617526,0.0018894064252171494,0.11122994652406418,0.0775322630574857,SE,-1,-0.0395221747606595,-0.03968669379178099,0.0001645190311214892,0.07571882507943889,0.4325964041800592,SE,-1,-0.00038275732034796995,0.00039480015106324156,-0.0007775574714112115,0.10144927536231885,0.13233866795097182,NW,1,-0.007937220640317382,-0.008770839492420518,0.0008336188521031358,0.10388281794931412,0.11705109542244894,SE,-1,-0.015242390875576503,-0.014351122333583977,-0.0008912685419925261,0.08411997209951175,0.3066956358933447,NW,1,-0.007554463319969412,-0.00916563964348376,0.0016111763235143487,0.1533906843369759,0.004360369323573466,SE,-1,-0.014859633555228532,-0.014745922484647218,-0.00011371107058131408,0.048221343873517786,0.9099204149263624,NW,1,-0.007305170235259121,-0.005580282841163459,-0.001724887394095662,0.09425714950011625,0.19087907558609443,NW,1,-2,-1
NGC2713,N,NE,SW,0.004636278882410304,0.012212499131056083,-0.007576220248645778,0.3639672227963975,4.477606299836679e-31,NE,1,0.007178667598586274,0.018090375164122017,-0.010911707565535743,0.36394876716373836,4.553522304244238e-31,NE,1,0.01467209669564518,0.028254551601013582,-0.013582454905368403,0.3062416949653034,5.589764384303971e-22,NE,1,0.011470699077084989,0.026009202051187487,-0.014538502974102498,0.34087922633987894,3.131788014225608e-27,NE,1,0.0025423887161759697,0.0058778760330659326,-0.003335487316889963,0.3233500664402776,1.5965563421394074e-24,NE,1,0.010035817813234874,0.016042052469957498,-0.006006234656722623,0.2677026428465968,7.58227451237017e-17,NE,1,0.006834420194674683,0.013796702920131403,-0.006962282725456719,0.308090949357744,2.9825831782197596e-22,NE,1,0.0074934290970589046,0.010164176436891563,-0.0026707473398326588,0.21588291746641075,4.6140991290057414e-11,NE,1,0.004292031478498714,0.007918826887065468,-0.0036267954085667546,0.27347556474235934,1.433999081503928e-17,NE,1,-0.003201397618560191,-0.0022453495498260946,-0.0009560480687340962,0.18502879078694817,3.112059596256566e-08,NE,1,10,1
NGC2748,SE,NW,SE,0.048094267799108754,0.024950383265442855,0.0231438845336659,0.40067963124957945,4.288129321839112e-28,SE,1,0.06649193794244765,0.025511772854168606,0.04098016508827904,0.5044882578561335,4.409949558447186e-45,SE,1,0.07900992193195923,0.025530627518595986,0.05347929441336324,0.4656079671623713,3.0854423442098314e-38,SE,1,0.08318871013869993,0.019296134358044705,0.06389257578065521,0.574550837763273,2.9217261756232406e-59,SE,1,0.0183976701433389,0.000561389588725752,0.01783628055461315,0.6239553192921069,4.266780125433502e-71,SE,1,0.030915654132850464,0.0005802442531531281,0.030335409879697336,0.5463024022609515,1.2349822864623545e-53,SE,1,0.03509444233959117,-0.005654248907398151,0.04074869124698932,0.6992934526613284,2.5351137917776205e-91,SE,1,0.012517983989511561,1.8854664427376314e-05,0.012499129325084185,0.4164659175021869,1.2591593134306533e-30,SE,1,0.016696772196252273,-0.006215638496123903,0.02291241069237618,0.6836552048987282,7.312856601695386e-87,SE,1,0.004178788206740712,-0.006234493160551278,0.01041328136729199,0.2811318215463293,7.458306823776873e-14,SE,1,10,1
NGC2815,E,NW,SE,0.039574284882569616,0.020315242025898808,0.019259042856670808,0.30268857356235995,1.8195226862148004e-21,SE,1,0.06488251278468335,0.03650254894283398,0.02837996384184937,0.27440253920836444,1.1482946542294588e-17,SE,1,0.07062636428469168,0.03804117149614711,0.032585192788544576,0.29544436146377895,1.8469674259930365e-20,SE,1,0.07805024452698013,0.042992469124742416,0.035057775402237715,0.2876587005227782,2.0833924968760437e-19,SE,1,0.025308227902113727,0.016187306916935176,0.009120920985178551,0.22318894697535474,8.51886051916572e-12,SE,1,0.03105207940212207,0.01772592947024831,0.013326149931873761,0.2785847647498133,3.486787152388133e-18,SE,1,0.0384759596444105,0.022677227098843608,0.015798732545566893,0.2808439133681852,1.7921146989660293e-18,SE,1,0.005743851500008347,0.0015386225533131368,0.00420522894669521,0.4037714712471994,2.7222348681205433e-38,SE,1,0.013167731742296778,0.006489920181908434,0.006677811560388344,0.36361090365944737,6.421178462684295e-31,SE,1,0.007423880242288433,0.004951297628595297,0.0024725826136931363,0.23088125466766243,1.349452676414714e-12,SE,1,10,1
NGC3003,N,N,S,0.0012721520287304717,0.0004941251614285766,0.0007780268673018951,0.07838251979740557,0.011563617102843865,S,-1,-0.016087751386807438,-0.014675843150678205,-0.0014119082361292324,0.0686855926354821,0.037857597195318296,N,1,-0.02593713386212605,-0.021174539535608716,-0.0047625943265173325,0.10900562632323871,9.376293843955996e-05,N,1,-0.03592131460615113,-0.026809065053544683,-0.00911224955260645,0.16447637763039386,2.979368550521233e-10,N,1,-0.01735990341553791,-0.01516996831210678,-0.0021899351034311287,0.10932729761027477,8.88609340855685e-05,N,1,-0.02720928589085652,-0.021668664697037293,-0.005540621193819227,0.15696681522031558,2.409318832413324e-09,N,1,-0.0371934666348816,-0.027303190214973256,-0.009890276419908344,0.1994537436689242,7.321817123529949e-15,N,1,-0.009849382475318613,-0.006498696384930512,-0.003350686090388101,0.2081271712811875,3.225816697979337e-16,N,1,-0.019833563219343694,-0.012133221902866477,-0.007700341316477217,0.27595302429495505,2.6197535957771508e-28,N,1,-0.00998418074402508,-0.005634525517935965,-0.0043496552260891145,0.18872454410405773,2.1780563984525683e-13,N,1,8,1
NGC3185,SW,NE,SW,0.0035841176357498373,0.0015483521409010944,0.002035765494848743,0.28378378378378377,1.2010724336373267e-09,SW,1,0.0034580879705915467,-0.0009022951777153802,0.004360383148306926,0.37394425675675674,1.6423991688523106e-16,SW,1,0.00047857598394867657,-0.004857747695868889,0.0053363236798175655,0.27401061776061775,4.946361189752899e-09,SW,1,0.0024990595597107206,-0.003483622288361041,0.005982681848071761,0.3521808638996139,9.064163405477288e-15,SW,1,-0.00012602966515829077,-0.0024506473186164746,0.002324617653458184,0.4102769063706564,5.125796261606399e-20,SW,1,-0.0031055416518011606,-0.006406099836769984,0.0033005581849688236,0.18062258687258687,0.0003676261645600335,SW,1,-0.001085058076039117,-0.005031974429262136,0.003946916353223019,0.2998612451737452,1.0415749986334813e-10,SW,1,-0.0029795119866428696,-0.00395545251815351,0.00097594053151064,0.07370596042471042,0.45483208609052694,SW,1,-0.0009590284108808261,-0.0025813271106456606,0.0016222986997648345,0.13659809362934364,0.0142557564952583,SW,1,0.0020204835757620435,0.001374125407507849,0.0006463581682541945,0.13806105212355213,0.012884394480656945,SW,1,10,1
NGC3200,N,E,W,0.00012522029106923767,0.003738137576479649,-0.0036129172854104112,0.4780062231004213,4.700694701211782e-62,E,0,0.0006974082220732557,0.006111931966942451,-0.005414523744869195,0.4528668279221885,1.68682527406022e-55,E,0,-0.0025208747821174214,0.004664461728507359,-0.007185336510624781,0.44230288783656413,9.185426533037207e-53,E,0,-0.0009287347886426089,0.007328667469639521,-0.00825740225828213,0.5059335218433096,1.3223922979807022e-69,E,0,0.0005721879310040178,0.002373794390462803,-0.0018016064594587851,0.2525920121736563,3.7623043536801073e-17,E,0,-0.0026460950731866596,0.0009263241520277109,-0.0035724192252143704,0.3130770279017477,2.909625463737903e-26,E,0,-0.0010539550797118466,0.0035905298931598727,-0.00464448497287172,0.3338841004326645,8.378294626185957e-30,E,0,-0.003218283004190677,-0.001447470238435092,-0.001770812765755585,0.20554117126017785,1.8054325279318605e-11,E,0,-0.0016261430107158649,0.0012167355026970704,-0.0028428785134129355,0.2939705197651575,3.985456064056265e-23,E,0,0.0015921399934748124,0.002664205741132162,-0.0010720657476573495,0.20334094186851998,3.078602462266647e-11,E,0,0,0
NGC3370,NE,NE,SW,0.012613942647675097,0.013546116773043224,-0.0009321741253681265,0.11394368437798282,0.005373208120771583,NE,1,0.019339197381977175,0.0201972399516689,-0.0008580425696917242,0.09443604836143811,0.034428727908852805,NE,1,0.023793675283524877,0.028628557414508992,-0.004834882130984115,0.15426642538975502,4.077345098007586e-05,NE,1,0.018114138919653265,0.02539966694385901,-0.0072855280242057445,0.19448973910276807,7.049756097413651e-08,NE,1,0.006725254734302077,0.006651123178625675,7.413155567640231e-05,0.049847876232898505,0.608815954363715,SW,-1,0.011179732635849779,0.015082440641465765,-0.0039027080056159864,0.20112651129494113,2.112217197123333e-08,NE,1,0.005500196271978167,0.01185355017081578,-0.006353353898837614,0.25930142379891824,1.0522149851040983e-13,NE,1,0.004454477901547701,0.008431317462840092,-0.00397683956129239,0.30206013363028955,1.570392796219807e-18,NE,1,-0.0012250584623239118,0.005202426992190108,-0.00642748545451402,0.32870167833280306,7.096412407297969e-22,NE,1,-0.005679536363871612,-0.0032288904706499837,-0.0024506458932216286,0.21296830257715557,2.0536398076537404e-09,NE,1,8,1
NGC3430,NW,NW,SE,0.01787142296348602,0.022493443856431605,-0.004622020892945583,0.13857301864934238,4.928032086021158e-06,NW,1,0.029788484657874464,0.037123588498872394,-0.00733510384099793,0.12561161211185062,4.9726235639770694e-05,NW,1,0.025922321949963596,0.03477054882369843,-0.008848226873734832,0.11949889830315971,0.00013546405506337258,NW,1,0.021790462836130245,0.0321204519130976,-0.010329989076967354,0.13028644117847488,2.222485755888243e-05,NW,1,0.011917061694388442,0.014630144642440791,-0.0027130829480523488,0.1736319651091475,3.2993587219455207e-09,NW,1,0.008050898986477572,0.012277104967266824,-0.004226205980789252,0.12104354541943983,0.00010564590367006052,NW,1,0.003919039872644222,0.009627008056665989,-0.005707968184021767,0.1484178724757513,7.491495763980393e-07,NW,1,-0.0038661627079108717,-0.002353039675173968,-0.0015131230327369038,0.0906844149649047,0.007781018394705858,NW,1,-0.007998021821744222,-0.005003136585774801,-0.002994885235969421,0.17891556686277627,8.720571535876991e-10,NW,1,-0.00413185911383335,-0.0026500969106008337,-0.001481762203232516,0.14275038048292937,2.2154472527161277e-06,NW,1,10,1
NGC3726,W,W,E,0.0025446930093782853,0.002232383410570368,0.0003123095988079171,0.128975855555025,3.054134316530769e-20,E,-1,0.0013096963675359753,0.001053702274892462,0.00025599409264351336,0.11050041659803841,5.382275551562248e-15,E,-1,0.0022524984019572413,0.0008854648712320225,0.0013670335307252187,0.17132976591643254,1.6752061563232449e-35,E,-1,-0.0031038825408175115,-0.004390703409956995,0.0012868208691394832,0.13624217839194766,1.4685052809675834e-22,E,-1,-0.0012349966418423097,-0.001178681135677906,-5.631550616440372e-05,0.046519220111303834,0.005181237326245514,W,1,-0.0002921946074210444,-0.0013469185393383458,0.0010547239319173014,0.20523811005592016,9.139052360719973e-51,E,-1,-0.005648575550195796,-0.006623086820527363,0.000974511270331567,0.11610718775132021,1.7151949246245815e-16,E,-1,0.0009428020344212655,-0.00016823740366043985,0.0011110394380817053,0.33021644856744464,2.0406068566092443e-132,E,-1,-0.004413578908353487,-0.005444405684849458,0.0010308267764959711,0.17410967929193893,1.3602949535630179e-36,E,-1,-0.005356380942774752,-0.005276168281189018,-8.021266158573463e-05,0.029895268379806505,0.16912994852551702,W,1,-6,-1
NGC3813,N,N,S,0.04704872320211323,0.06204247993133677,-0.01499375672922354,0.336231884057971,1.1318208368492325e-17,N,1,0.04615053638392809,0.06957096434915046,-0.023420427965222368,0.391304347826087,5.8940071395992685e-24,N,1,0.048342224066421496,0.08077177843357541,-0.03242955436715392,0.4463768115942029,2.5993222148909842e-31,N,1,0.046183928422880896,0.08418541696721223,-0.03800148854433133,0.4753623188405797,1.2376333460700881e-35,N,1,-0.0008981868181851411,0.007528484417813699,-0.00842667123599884,0.3681159420289855,3.49666154423194e-21,N,1,0.0012935008643082655,0.018729298502238634,-0.017435797637930368,0.47246376811594204,3.4612932590641475e-35,N,1,-0.0008647947792323314,0.022142937035875457,-0.023007731815107787,0.5565217391304348,1.669618939922125e-49,N,1,0.0021916876824934067,0.011200814084424936,-0.009009126401931529,0.553623188405797,5.821982926871306e-49,N,1,3.339203895280994e-05,0.014614452618061758,-0.014581060579108948,0.6289855072463768,2.6960549997683734e-64,N,1,-0.002158295643540597,0.003413638533636823,-0.00557193417717742,0.4405797101449275,1.7431367903843896e-30,N,1,10,1
NGC3877,SE,NW,SE,-0.007778662212772666,-0.009240466380067648,0.0014618041672949823,0.05443650098830457,0.12415787269700673,SE,1,-0.016391265728132966,-0.019091830615007046,0.00270056488687408,0.06997999761341873,0.020540942672768875,SE,1,-0.009708941746634652,-0.0170219060650253,0.007312964318390649,0.1635670647058893,3.127223944527326e-11,SE,1,-0.022563131925477514,-0.03277650048099122,0.010213368555513705,0.14613084372736734,4.698167687748672e-09,SE,1,-0.008612603515360298,-0.009851364234939396,0.001238760719579098,0.06436207982287313,0.041435209754549465,SE,1,-0.001930279533861982,-0.0077814396849576525,0.00585116015109567,0.2482670702588259,1.9858393764954717e-25,SE,1,-0.01478446971270485,-0.023536034100923576,0.008751564388218726,0.18320791966909222,5.618207811994758e-14,SE,1,0.006682323981498316,0.0020699245499817423,0.004612399431516574,0.4011134228655752,1.0109230819050832e-66,SE,1,-0.006171866197344552,-0.013684669865984177,0.007512803668639625,0.31791507315107886,1.214561017809526e-41,SE,1,-0.012854190178842867,-0.015754594415965918,0.002900404237123051,0.09266079000565927,0.000660531492911885,SE,1,10,1
NGC3887,W,W,E,0.016343541520251394,0.019994090965596414,-0.0036505494453450207,0.14653298602005793,3.363355811152189e-08,W,1,0.010386131498352328,0.015631012265437658,-0.00524488076708533,0.21413669924185474,4.5584044829981165e-17,W,1,0.015757570573054238,0.021707746712614846,-0.005950176139560608,0.24795166751164024,8.595993162801513e-23,W,1,0.017480902705026835,0.02505013475147918,-0.007569232046452344,0.22136413699061205,3.2321301603361245e-18,W,1,-0.0059574100218990666,-0.004363078700158756,-0.0015943313217403107,0.2974190427906272,9.561422258163386e-33,W,1,-0.000585970947197155,0.0017136557470184305,-0.0022996266942155856,0.26755214069684097,1.1098054798044402e-26,W,1,0.0011373611847754423,0.005056043785882769,-0.003918682601107327,0.32635938765639294,1.8106963441896354e-39,W,1,0.00537143907470191,0.006076734447177187,-0.0007052953724752771,0.10897828126547904,0.00010009041575859282,W,1,0.007094771206674509,0.009419122486041525,-0.002324351279367016,0.25983228731432434,4.9030779633392685e-25,W,1,0.0017233321319725977,0.0033423880388643384,-0.0016190559068917406,0.19698373571557606,1.6014154378168674e-14,W,1,10,1
NGC3917,SE,N,S,0.044347483035657616,0.02254628089468716,0.021801202140970456,0.33694277417029966,7.73853635998676e-47,S,1,0.049081951289259865,0.01777048488943036,0.031311466399829506,0.41179539357625516,2.3659599162926546e-70,S,1,0.08565339129834952,0.04075126770337111,0.04490212359497841,0.48883958537946826,2.945131137634475e-100,S,1,0.0796809543462401,0.028050461928026352,0.051630492418213755,0.5008667368535097,6.783541194192838e-106,S,1,0.004734468253602247,-0.004775796005256797,0.009510264258859044,0.3227028529303007,7.18193741483491e-43,S,1,0.041305908262691905,0.018204986808683956,0.02310092145400795,0.5246125003238487,3.0551188098554616e-116,S,1,0.03533347131058249,0.005504181033339195,0.029829290277243292,0.5289956451183637,2.7314635803425213e-118,S,1,0.036571440009089656,0.022980782813940753,0.013590657195148903,0.5431130926725407,4.567865222267815e-125,S,1,0.03059900305698024,0.010279977038595995,0.020319026018384242,0.4986716315614688,7.26986770591161e-105,S,1,-0.005972436952109419,-0.012700805775344761,0.006728368823235342,0.18503771953997,2.770048985831113e-14,S,1,10,1
NGC4094,NW,NW,SE,0.012246314874298257,0.016122871919303082,-0.0038765570450048255,0.17675907892116627,8.034573948509512e-13,NW,1,0.012574924241251782,0.02049411307380883,-0.007919188832557046,0.17026407433131444,5.588298067521573e-12,NW,1,0.01193583068517857,0.02644473485086022,-0.01450890416568165,0.2726116985365901,4.241635436643693e-30,NW,1,0.01291644193696297,0.030384855641904365,-0.017468413704941396,0.29354652264084047,6.693082561832734e-35,NW,1,0.00032860936695352496,0.004371241154505745,-0.004042631787552219,0.11949521344025178,4.274649198315906e-06,NW,1,-0.0003104841891196874,0.01032186293155714,-0.010632347120676826,0.27377616094108964,2.3028521935265724e-30,NW,1,0.0006701270626647117,0.01426198372260128,-0.013591856659936568,0.2926164098130546,7.249671981461139e-35,NW,1,-0.0006390935560732121,0.005950621777051395,-0.006589715333124607,0.2408530810290982,1.1020713432447065e-23,NW,1,0.00034151769571118696,0.009890742568095537,-0.00954922487238435,0.2782081607079543,2.2360793975655275e-31,NW,1,0.0009806112517843986,0.003940120791044141,-0.0029595095392597423,0.1030810290982034,0.0001135278560234942,NW,1,10,1
NGC4096,NW,W,E,0.011389638509237944,0.011548350284628623,-0.00015871177539067936,0.06949730511583557,0.0013774226007817437,W,1,0.015404762502391417,0.01839425972717505,-0.0029894972247836316,0.09485965323399567,2.625188977139154e-06,W,1,0.00994208439692422,0.01605673458045613,-0.006114650183531911,0.12245898415930657,3.1207056367858846e-10,W,1,0.009756956503096128,0.01975133382455078,-0.009994377321454653,0.18546890445753503,5.933388481703012e-23,W,1,0.004015123993153475,0.006845909442546429,-0.002830785449392954,0.19613261900721599,1.2278858364954905e-25,W,1,-0.001447554112313721,0.004508384295827506,-0.0059559384081412274,0.20049480281959495,1.0652492284758106e-26,W,1,-0.001632682006141814,0.008202983539922156,-0.00983566554606397,0.2878758494743562,4.293566846042958e-55,W,1,-0.005462678105467196,-0.002337525146718922,-0.003125152958748274,0.16835147430769354,6.384787062449119e-19,W,1,-0.005647805999295289,0.0013570740973757277,-0.007004880096671017,0.3031024163723977,5.9680738270388236e-61,W,1,-0.0001851278938280929,0.0036945992440946497,-0.0038797271379227426,0.30001427574819733,7.514678050278946e-60,W,1,10,1
NGC4162,W,E,W,-7.72439148889123e-05,-0.001428135110726233,0.0013508911958373206,0.2090832242582897,7.622397305212354e-08,W,1,-0.0033113190970469573,-0.005323709322054812,0.0020123902250078545,0.17100239965095987,2.211997645904671e-05,W,1,-0.006553046848515984,-0.008774137044827242,0.0022210901963112583,0.0812881762652705,0.14739358135032563,W,1,-0.016091285044937145,-0.01820582046382047,0.0021145354188833246,0.07974749127399651,0.16189395812565016,W,1,-0.003234075182158045,-0.003895574211328578,0.000661499029170533,0.07268488219895287,0.2450121689054189,W,1,-0.006475802933627072,-0.007346001934101008,0.0008701990004739363,0.05903686736474695,0.48844520322285867,W,1,-0.016014041130048232,-0.016777685353094235,0.0007636442230460026,0.05626908813263525,0.550570101620945,W,1,-0.003241727751469026,-0.0034504277227724307,0.00020869997130340458,0.09706315445026178,0.04917111207246509,W,1,-0.012779965947890189,-0.012882111141765658,0.00010214519387546916,0.06397251308900524,0.3896493488599556,W,1,-0.009538238196421162,-0.009431683418993227,-0.00010655477742793455,0.08749181937172774,0.09793492723957337,E,-1,8,1
NGC4178,SE,NW,SE,-0.02632991591919837,-0.024830465935585123,-0.0014994499836132463,0.07716493117755152,0.0007298892322791587,NW,-1,-0.01799116263757455,-0.02050500657383394,0.002513843936259391,0.11643648803263722,3.217974000199995e-08,SE,1,-0.02210708362561075,-0.027751852025293247,0.005644768399682497,0.14307499393252973,3.4249159666678214e-12,SE,1,-0.042354792251412914,-0.04965605942891453,0.007301267177501618,0.13097876963260022,2.8362093912290333e-10,SE,1,0.008338753281623822,0.0043254593617511805,0.004013293919872642,0.14780126434523327,5.676260859994478e-13,SE,1,0.004222832293587622,-0.0029213860897081244,0.007144218383295747,0.21842546257237624,6.344618899140076e-28,SE,1,-0.016024876332214534,-0.024825593493329412,0.008800717161114878,0.20935372773816266,1.1601454378395578e-25,SE,1,-0.0041159209880362,-0.007246845451459306,0.0031309244634231057,0.15462861303408185,3.717773813634444e-14,SE,1,-0.024363629613838363,-0.029151052855080593,0.00478742324124223,0.14623874628728606,1.0597234525370528e-12,SE,1,-0.02024770862580216,-0.021904207403621288,0.0016564987778191279,0.07044968622510893,0.0026256953694592943,SE,1,8,1
NGC4192,NE,NE,SW,0.003563644726863281,0.010017223015400256,-0.006453578288536975,0.636469507719149,0.0,NE,1,0.005141846852725393,0.014062875276251068,-0.008921028423525674,0.6143149680159764,0.0,NE,1,0.0068729589230449575,0.01768498488196236,-0.010812025958917403,0.6273014841370537,0.0,NE,1,0.006775971022032689,0.01847093140193447,-0.011694960379901783,0.643613048052668,0.0,NE,1,0.0015782021258621127,0.004045652260850811,-0.002467450134988698,0.4813045286980411,4.417341175483052e-219,NE,1,0.003309314196181676,0.007667761866562103,-0.004358447670380426,0.5701340321303745,4.4167891187e-313,NE,1,0.0032123262951694086,0.008453708386534213,-0.005241382091364805,0.6100279219200324,0.0,NE,1,0.001731112070319563,0.003622109605711292,-0.001890997535391729,0.5235669993558253,2.4605300807655277e-261,NE,1,0.0016341241693072954,0.004408056125683403,-0.002773931956376108,0.5981306257252728,0.0,NE,1,-9.698790101226768e-05,0.0007859465199721117,-0.0008829344209843795,0.23564049289160693,3.5916644793633154e-51,NE,1,10,1
NGC4220,NE,NE,SW,0.011509313780778617,0.03769242414654525,-0.026183110365766635,0.6323717948717948,3.572421358481899e-79,NE,1,0.007364594097677174,0.05035419784175007,-0.042989603744072895,0.7033882783882784,8.139301097057318e-100,NE,1,0.01228298090713343,0.06579562283517518,-0.05351264192804175,0.6940247252747253,3.860599587071375e-97,NE,1,0.008293546723652154,0.06825496417411184,-0.059961417450459686,0.7203754578754579,1.2303852844919594e-105,NE,1,-0.004144719683101442,0.012661773695204822,-0.016806493378306264,0.6773809523809524,4.215737282212464e-92,NE,1,0.0007736671263548119,0.02810319868862993,-0.02732953156227512,0.7274954212454212,5.825694909049717e-108,NE,1,-0.0032157670571264637,0.030562540027566594,-0.03377830708469306,0.7444139194139194,7.691628361142399e-114,NE,1,0.004918386809456253,0.015441424993425112,-0.01052303818396886,0.6325091575091575,3.572135145724102e-79,NE,1,0.0009289526259749788,0.017900766332361776,-0.016971813706386795,0.7277014652014652,4.213663639508633e-108,NE,1,-0.0039894341834812745,0.002459341338936664,-0.006448775522417939,0.7198260073260073,6.086304963480747e-105,NE,1,10,1
NGC4274,NE,N,S,0.011440154974900045,0.020616658013550917,-0.009176503038650871,0.5061537480470618,8.962483241235571e-93,N,1,0.0031914255712066626,0.017013248798419985,-0.013821823227213322,0.5111086311896184,1.0573760040387718e-94,N,1,0.013607033501356336,0.029606239324161773,-0.015999205822805437,0.4456046934285623,3.110385682072563e-71,N,1,0.012804123849252336,0.03035814170090987,-0.017554017851657534,0.4759461786181169,1.1968330964321796e-81,N,1,-0.008248729403693382,-0.0036034092151309345,-0.004645320188562448,0.425928642030418,4.424707133804184e-65,N,1,0.0021668785264562893,0.00898958131061085,-0.006822702784154561,0.3934189969071836,3.0677284745860378e-55,N,1,0.0013639688743522906,0.009741483687358951,-0.008377514813006661,0.42111405158945253,1.6511856105488722e-63,N,1,0.010415607930149671,0.012592990525741785,-0.002177382595592114,0.31299939419060674,9.266702259005401e-35,N,1,0.009612698278045673,0.013344892902489885,-0.003732194624444213,0.37980103944138,2.3483644640405832e-51,N,1,-0.0008029096521039985,0.0007519023767481007,-0.0015548120288520991,0.2426936198705481,5.225843773476428e-21,N,1,10,1
NGC4579,NW,N,S,0.0015936168247032523,0.002748314196789681,-0.0011546973720864286,0.2719505084263671,5.631182162434377e-34,N,1,0.003976347314966084,0.006034219272922008,-0.002057871957955924,0.2651402024224324,2.6794227846998945e-32,N,1,0.007170941984276574,0.009358589713433755,-0.002187647729157181,0.09742634335964351,0.00010513753543819329,N,1,0.00364179962738943,0.00652853064722063,-0.0028867310198311996,0.29629524283581027,2.4582050235113728e-40,N,1,0.0023827304902628316,0.0032859050761323266,-0.0009031745858694949,0.15691673184953425,1.6017692038661374e-11,N,1,0.005577325159573322,0.006610275516644074,-0.0010329503570707527,0.03912299414539335,0.39665459735009495,N,1,0.0020481828026861783,0.003780216450430949,-0.0017320336477447706,0.24274289506743463,4.260805941232502e-27,N,1,0.0031945946693104905,0.0033243704405117487,-0.00012977577120125818,0.06893266017208277,0.014185710061151952,N,1,-0.0003345476875766536,0.0004943113742986224,-0.0008288590618752759,0.32814145867406197,1.861784889008344e-49,N,1,-0.003529142356887144,-0.002830059066213126,-0.0006990832906740179,0.13325084737727844,2.0386295212190362e-08,N,1,10,1
NGC4586,NE,NE,SW,0.017502074443252844,0.042862115399223785,-0.02536004095597094,0.4765840220385675,5.627879174187246e-75,NE,1,0.02341213825770697,0.056297245847011027,-0.03288510758930406,0.4476584022038568,7.314647048792511e-66,NE,1,0.027892303475362795,0.06661949516747351,-0.03872719169211071,0.4490358126721763,2.7881877058610237e-66,NE,1,0.029977989189812086,0.06839190400023618,-0.03841391481042409,0.41735537190082644,5.071599405963127e-57,NE,1,0.005910063814454125,0.013435130447787247,-0.007525066633333122,0.29338842975206614,5.988796608440491e-28,NE,1,0.010390229032109953,0.02375737976824972,-0.013367150736139767,0.3884297520661157,3.0920414638548032e-49,NE,1,0.012475914746559243,0.025529788601012397,-0.013053873854453155,0.3347107438016529,2.053939868967293e-36,NE,1,0.004480165217655828,0.010322249320462475,-0.005842084102806647,0.45041322314049587,1.0591406290070365e-66,NE,1,0.00656585093210512,0.012094658153225147,-0.005528807221120027,0.3415977961432507,6.095013824010821e-38,NE,1,0.0020856857144492934,0.001772408832762674,0.00031327688168661947,0.1418732782369146,8.662787106446804e-07,SW,-1,8,1
NGC4593,NW,N,S,0.0006428107605481969,0.000722509000480796,-7.969823993259919e-05,0.12161091920128064,2.3879847393633984e-06,N,1,-0.00840594005257993,-0.008204699570992468,-0.00020124048158746272,0.03320655248366092,0.6786205534823856,N,1,-0.008407609741974999,-0.007949591625266778,-0.0004580181167082205,0.059291311098540016,0.07656599813762946,N,1,-0.009319152148821421,-0.00877777643274344,-0.0005413757160779818,0.02963903566313205,0.8013704934028228,N,1,-0.00904875081312813,-0.008927208571473267,-0.00012154224165486331,0.029838835862932248,0.7958375683284294,N,1,-0.009050420502523197,-0.008672100625747574,-0.0003783198767756228,0.050236510477474336,0.19079016285941613,N,1,-0.009961962909369617,-0.009500285433224233,-0.00046167747614538415,0.027620572198885453,0.8640618528161996,N,1,-1.6696893950665739e-06,0.00025510794572568924,-0.0002567776351207558,0.08806855794807603,0.0015536995373324235,N,1,-0.0009132120962414891,-0.0005730768617509697,-0.00034013523449051943,0.057565326240025035,0.09216839355334314,N,1,-0.0009115424068464225,-0.000828184807476659,-8.33575993697635e-05,0.049520359158913375,0.20362770376624753,N,1,10,1
NGC4602,S,N,S,-0.0006818642954900272,-0.010328679276831714,0.009646814981341687,0.3519240066301395,6.41240231600262e-33,S,1,0.013289582905823633,-0.007070066264816365,0.020359649170639996,0.5372254707859477,1.1595461670377014e-78,S,1,0.0037823255891937073,-0.022599743194949028,0.026382068784142735,0.513260279018371,2.1658998660742032e-71,S,1,0.005499754090326654,-0.023932914954348482,0.029432669044675137,0.4894965237810212,1.1496156698196939e-64,S,1,0.013971447201313658,0.0032586130120153475,0.01071283418929831,0.557495741056218,4.8803284008666596e-85,S,1,0.004464189884683734,-0.012271063918117314,0.016735253802801046,0.5532396749389935,1.7409971709281527e-83,S,1,0.006181618385816681,-0.013604235677516773,0.019785854063333455,0.5196717160090244,4.131995428157834e-73,S,1,-0.009507257316629924,-0.015529676930132663,0.006022419613502739,0.22507654588148626,1.348846545028652e-13,S,1,-0.007789828815496977,-0.01686284868953212,0.009073019874035141,0.3304681384962475,4.52567789255873e-29,S,1,0.0017174285011329476,-0.0013331717593994567,0.0030506002605324043,0.27945577604862104,8.23475323806561e-21,S,1,10,1
NGC470,SW,E,W,0.001861520289684464,-0.00282181609109513,0.004683336380779594,0.28427699224844294,6.770219478571267e-15,W,1,0.0006460633876598855,-0.008029558270153983,0.008675621657813869,0.2530926378634694,7.360462804935623e-12,W,1,0.006845069090075226,-0.004626325210044817,0.011471394300120043,0.426114516664005,1.876374357919158e-33,W,1,0.0031042212458163437,-0.009064865099509564,0.012169086345325908,0.3070894193088707,2.4333432795526065e-17,W,1,-0.0012154569020245785,-0.005207742179058852,0.003992285277034274,0.22119577902534304,3.783573168849842e-09,W,1,0.004983548800390763,-0.0018045091189496862,0.006788057919340449,0.47747011780892595,2.8599519665663277e-42,W,1,0.0012427009561318794,-0.006243049008414435,0.007485749964546314,0.29736619043524193,2.888061837951493e-16,W,1,0.006199005702415341,0.003403233060109166,0.0027957726423061746,0.23865213812758743,1.3887099837495922e-10,W,1,0.0024581578581564577,-0.0010353068293555822,0.00349346468751204,0.22236281218136925,3.024207479078082e-09,W,1,-0.003740847844258883,-0.004438539889464748,0.0006976920452058653,0.0980492119455057,0.037573767495282046,W,1,10,1
NGC4771,NE,NE,SW,-0.0011743456139061692,0.028312580678547812,-0.02948692629245398,0.4878048780487805,7.164098030683409e-58,NE,1,-0.005793165981222994,0.04157165052887197,-0.04736481651009496,0.50093808630394,3.667970072676501e-61,NE,1,0.007033161965826782,0.07097725377586268,-0.06394409181003591,0.5403377110694184,1.1110375644782267e-71,NE,1,0.024649671907824515,0.09551398843609916,-0.07086431652827466,0.5234521575984991,4.725591049016549e-67,NE,1,-0.004618820367316825,0.013259069850324153,-0.01787789021764098,0.4878048780487805,7.164098030683409e-58,NE,1,0.00820750757973295,0.042664673097314865,-0.03445716551758191,0.5365853658536586,1.230987638915822e-70,NE,1,0.025824017521730684,0.06720140775755136,-0.041377390235820675,0.4896810506566604,2.4632226226405173e-58,NE,1,0.012826327947049774,0.02940560324699071,-0.016579275299940938,0.474671669793621,1.0996697495873118e-54,NE,1,0.030442837889047506,0.05394233790722721,-0.023499500018179704,0.34896810506566606,3.451549258135326e-29,NE,1,0.017616509941997732,0.024536734660236495,-0.006920224718238763,0.17448405253283303,1.675845641631375e-07,NE,1,10,1
NGC4800,W,NW,SE,0.005868630838297214,0.016765016174631733,-0.010896385336334519,0.47956989247311826,5.190876386354349e-07,NW,1,0.002540103026530923,0.021517711486441507,-0.018977608459910585,0.5612903225806452,1.4205787923302712e-09,NW,1,0.00381308394662059,0.027297625016865258,-0.02348454107024467,0.6424731182795699,1.2406938618989223e-12,NW,1,0.0029123503956242874,0.03318634992028544,-0.030273999524661154,0.6903225806451613,1.2923912037352019e-14,NW,1,-0.003328527811766291,0.004752695311809771,-0.008081223123576061,0.5806451612903226,3.510268498582637e-10,NW,1,-0.002055546891676624,0.010532608842233525,-0.012588155733910148,0.6903225806451613,1.2923912037352019e-14,NW,1,-0.0029562804426729265,0.01642133374565371,-0.019377614188326633,0.7080645161290322,1.4740228790212714e-15,NW,1,0.001272980920089667,0.005779913530423752,-0.004506932610334085,0.5037634408602151,1.555724555934992e-07,NW,1,0.0003722473690933647,0.011668638433843938,-0.011296391064750574,0.671505376344086,1.6506455032185096e-13,NW,1,-0.0009007335509963019,0.005888724903420187,-0.006789458454416489,0.7064516129032258,2.501048645818876e-15,NW,1,10,1
NGC4845,SE,N,S,0.011854750667448018,-0.0020917433643296997,0.013946494031777718,0.7600454135142429,1.0257319894147721e-208,S,1,0.014650812526694836,-0.007339262929747823,0.02199007545644266,0.7560382292451865,3.840094587563708e-206,S,1,0.029755621825435966,0.0006503123911957638,0.029105309434240202,0.7504024865760257,1.9677953217662103e-202,S,1,0.03768992494380537,0.0052489968021961955,0.03244092814160917,0.729875205896312,9.641540240860107e-190,S,1,0.002796061859246819,-0.005247519565418123,0.008043581424664941,0.669594349367654,2.2237129300726493e-156,S,1,0.017900871157987948,0.0027420557555254627,0.015158815402462486,0.667312506397908,1.154075146162799e-155,S,1,0.025835174276357356,0.007340740166525894,0.01849443410983146,0.638733632988079,2.055758849095758e-141,S,1,0.015104809298741128,0.007989575320943586,0.007115233977797541,0.5300836613715254,8.902768063029795e-95,S,1,0.023039112417110534,0.012588259731944017,0.010450852685166517,0.4698176945196683,9.342608223142097e-74,S,1,0.007934303118369408,0.004598684411000432,0.003335618707368976,0.3995440036479708,9.778798193264837e-53,S,1,10,1
NGC4951,N,N,S,0.03392993638134446,0.07238537251790216,-0.0384554361365577,0.5843320549696389,3.2073308489476367e-71,N,1,0.013817072530267788,0.06468033537374718,-0.05086326284347939,0.5776256391818473,1.7377215721940907e-69,N,1,0.04140346617267408,0.10345923160644403,-0.06205576543376995,0.6000319590923617,1.3722487777479058e-75,N,1,0.04453678009443345,0.11293504572044492,-0.06839826562601148,0.6089006072227549,9.484317527350808e-78,N,1,-0.02011286385107667,-0.00770503714415499,-0.01240782670692168,0.519325263662512,1.7740149706627914e-55,N,1,0.007473529791329633,0.03107385908854186,-0.023600329297212227,0.5910234899328859,6.078831406155719e-73,N,1,0.010606843713089002,0.04054967320254276,-0.02994282948945376,0.5977498801534037,8.731846955470607e-75,N,1,0.0275863936424063,0.038778896232696855,-0.011192502590290556,0.5130383109619687,1.7515803655019958e-54,N,1,0.030719707564165664,0.04825471034669775,-0.01753500278253209,0.557436481303931,2.294879455677245e-64,N,1,0.003133313921759368,0.009475814114000896,-0.006342500192241528,0.5286083812719718,5.546738539525803e-58,N,1,10,1
NGC5443,SE,NW,SE,0.0091092355543544,0.0029286604187361526,0.0061805751356182465,0.5393993048724507,7.15941770580737e-53,SE,1,0.019176322584197936,0.010017691769628004,0.009158630814569932,0.4368614335366254,3.1469083330500895e-34,SE,1,0.02057392882390692,0.009909568706931502,0.010664360116975418,0.4470784969506197,6.98404225898468e-36,SE,1,0.019885098848153166,0.008900799682424448,0.010984299165728718,0.4010820381664371,8.927791162166787e-29,SE,1,0.010067087029843536,0.007089031350891852,0.0029780556789516842,0.31931274181913566,3.1160442235533798e-18,SE,1,0.01146469326955252,0.00698090828819535,0.004483784981357171,0.3472817889697685,1.4701034432680706e-21,SE,1,0.010775863293798767,0.005972139263688296,0.004803724030110471,0.32931995540691195,2.1283762702284003e-19,SE,1,0.0013976062397089845,-0.00010812306269650198,0.0015057293024054864,0.35754475703324806,7.56898269248505e-23,SE,1,0.0007087762639552296,-0.0011168920872035555,0.0018256683511587851,0.26506000393468426,1.413100685422961e-12,SE,1,-0.0006888299757537551,-0.0010087690245070531,0.00031993904875329804,0.1394189782936586,0.000902354998777959,SE,1,10,1
NGC5522,SE,NW,SE,0.02647719965636488,0.010618688429918362,0.015858511226446517,0.3630165289256198,1.0592491258825034e-07,SE,1,0.044338298830667235,0.01878056874696971,0.025557730083697525,0.3612947658402204,1.4753820114803954e-07,SE,1,0.0604575254234777,0.028602095284064866,0.03185543013941283,0.3365013774104683,1.2920999586243958e-06,SE,1,0.06774922628268423,0.02724155067384163,0.0405076756088426,0.36170798898071627,1.2457556494658716e-07,SE,1,0.017861099174302356,0.008161880317051345,0.00969921885725101,0.3378787878787879,9.882986932713755e-07,SE,1,0.03398032576711283,0.017983406854146504,0.015996918912966326,0.29359504132231407,4.89302541915688e-05,SE,1,0.041272026626319354,0.016622862243923273,0.02464916438239608,0.37169421487603305,4.848095975219562e-08,SE,1,0.01611922659281047,0.009821526537095159,0.006297700055715312,0.26866391184573,0.0002759156943052531,SE,1,0.023410927452016998,0.008460981926871926,0.014949945525145072,0.39573002754820935,4.162379613195466e-09,SE,1,0.0072917008592065236,-0.0013605446102232346,0.008652245469429758,0.49449035812672176,4.0537502229749205e-14,SE,1,10,1
NGC5533,SE,NW,SE,-0.0018655564784156098,-0.006861327208619645,0.004995770730204035,0.3710390316877465,3.5216846430647757e-11,SE,1,0.005930588467582961,-0.004654563678735101,0.010585152146318062,0.7434040527675778,1.3540176997750837e-46,SE,1,0.012250460211163773,-0.001171706399212559,0.013422166610376332,0.7900176798585611,1.522629025633667e-53,SE,1,0.005447687373010973,-0.0088770625936868,0.014324749966697772,0.5980552155582756,2.341781463558934e-29,SE,1,0.0077961449459985725,0.002206763529884544,0.005589381416114029,0.6789405684754521,5.740510304423506e-38,SE,1,0.014116016689579382,0.005689620809407085,0.008426395880172296,0.667312661498708,1.4720132587600463e-36,SE,1,0.007313243851426582,-0.002015735385067156,0.009328979236493737,0.7488100095199238,2.8649145920999686e-47,SE,1,0.006319871743580812,0.003482857279522542,0.00283701446405827,0.5913232694138447,3.28555252096872e-28,SE,1,-0.0004829010945719878,-0.0042224989149517,0.0037395978203797124,0.4058207534339725,2.5395691402803887e-13,SE,1,-0.0068027728381528,-0.0077053561944742405,0.0009025833563214404,0.1080171358629131,0.243148720874469,SE,1,10,1
NGC5559,SE,NW,SE,0.02938023109158448,-0.004386717206949333,0.033766948298533814,0.7394957983193278,6.520482446749149e-32,SE,1,0.0910150510490337,0.027554563142490784,0.0634604879065429,0.7563025210084033,1.3949320655770859e-33,SE,1,0.09937076755274322,0.023590364457322776,0.07578040309542045,0.773109243697479,2.556273611484075e-35,SE,1,0.10367348943137769,0.021610115393564396,0.0820633740378133,0.7815126050420168,3.2556314863240583e-36,SE,1,0.061634819957449245,0.03194128034944011,0.029693539608009134,0.48739495798319327,3.4956233140077836e-13,SE,1,0.06999053646115871,0.027977081664272107,0.042013454796886604,0.6386554621848739,3.96908543247677e-23,SE,1,0.0742932583397932,0.025996832600513723,0.048296425739279475,0.6890756302521008,2.84861415080068e-27,SE,1,0.008355716503709504,-0.0039641986851680095,0.012319915188877513,0.7310924369747899,4.217937082740856e-31,SE,1,0.01265843838234397,-0.005944447748926387,0.018602886131270358,0.6890756302521008,2.84861415080068e-27,SE,1,0.004302721878634466,-0.0019802490637583796,0.006282970942392846,0.3445378151260504,1.1640947031272158e-06,SE,1,10,1
NGC5587,SW,E,W,0.008855864947151203,0.003425649183627087,0.005430215763524116,0.6469742986839098,2.76269825703951e-35,W,1,0.012039115197286558,0.0032098893883784714,0.008829225808908086,0.7102968550994415,2.80028113119074e-43,W,1,0.0167858218346046,0.004101650692010003,0.012684171142594597,0.7615362006466151,1.1148784827530447e-50,W,1,0.019994952594335803,0.006055812329818207,0.013939140264517594,0.7554945952124359,8.658307137980612e-50,W,1,0.003183250250135358,-0.00021575979524861532,0.0033990100453839735,0.7028183272917279,5.634594223809088e-42,W,1,0.007929956887453397,0.0006760015083829157,0.007253955379070482,0.8391953234708207,3.823446242011315e-63,W,1,0.0111390876471846,0.0026301631461911196,0.00850892450099348,0.744848306717612,4.070466839413754e-48,W,1,0.004746706637318039,0.0008917613036315311,0.0038549453336865084,0.7087293034192221,8.061841767895373e-43,W,1,0.007955837397049245,0.0028459229414397346,0.00510991445560951,0.6539303092648836,5.156117824683979e-36,W,1,0.003209130759731204,0.001954161637808204,0.0012549691219229998,0.31654746742431666,2.7465063189462336e-08,W,1,10,1
NGC5616,NE,E,W,0.0010049008795137925,0.009482241991868196,-0.008477341112354403,0.1888118811881188,0.0012765349850229236,E,1,0.012965523423034649,0.02895012997278458,-0.01598460654974993,0.33930693069306933,7.237717131382661e-11,E,1,0.014064507813874307,0.03826383532894976,-0.024199327515075454,0.4282178217821782,3.7688194604678036e-17,E,1,0.004693744618166759,0.03614022982652797,-0.031446485208361206,0.46792079207920795,1.7243107613313148e-20,E,1,0.011960622543520856,0.01946788798091638,-0.007507265437395523,0.1589108910891089,0.010716228404975372,E,1,0.013059606934360514,0.028781593337081565,-0.01572198640272105,0.30207920792079207,1.4118468213195711e-08,E,1,0.0036888437386529667,0.02665798783465977,-0.022969144096006804,0.5127227722772277,1.0218336538714073e-24,E,1,0.0010989843908396591,0.009313705356165181,-0.008214720965325523,0.6121782178217822,8.167605667826099e-36,E,1,-0.008271778804867888,0.007190099853743387,-0.015461878658611275,0.7462376237623762,4.815789567789578e-55,E,1,-0.009370763195707548,-0.002123605502421793,-0.007247157693285755,0.4265841584158416,6.887359461557474e-17,E,1,10,1
NGC5656,SE,NW,SE,0.0038978782932988596,-0.001905902943499653,0.005803781236798512,0.43155391120507397,4.056167968790719e-15,SE,1,0.010675528310659772,-0.0002449892414489368,0.010920517552108709,0.5977801268498943,1.8968529764095164e-29,SE,1,0.01039926622871661,-0.005749504042302936,0.016148770271019547,0.5626321353065539,7.25850759293828e-26,SE,1,0.010262849430225584,-0.010544248165496739,0.020807097595722322,0.6202431289640592,8.964575142426253e-32,SE,1,0.006777650017360912,0.001660913702050717,0.005116736315310195,0.6124471458773785,4.913309080911315e-31,SE,1,0.006501387935417751,-0.0038436010988032823,0.010344989034221033,0.6434989429175476,2.061158726135666e-34,SE,1,0.006364971136926725,-0.008638345221997086,0.01500331635892381,0.6549947145877378,9.423981240505798e-36,SE,1,-0.00027626208194316134,-0.005504514800853999,0.005228252718910837,0.4846723044397463,3.6847869392339257e-19,SE,1,-0.0004126788804341872,-0.010299258924047804,0.009886580043613617,0.6149577167019028,2.9229200921479573e-31,SE,1,-0.00013641679849102597,-0.004794744123193803,0.004658327324702777,0.6363636363636364,1.3803812090276878e-33,SE,1,10,1
NGC5676,SE,NW,SE,0.01331763086566668,0.00433314292880262,0.00898448793686406,0.4314935064935065,1.6460518496978606e-44,SE,1,0.029356379105363935,0.01404793117779324,0.015308447927570695,0.4523376623376623,4.777079370880099e-49,SE,1,0.03332415184790153,0.015022284145486512,0.018301867702415018,0.49233766233766235,2.0657581025231554e-58,SE,1,0.03738501601994367,0.016695864049106585,0.020689151970837087,0.4904112554112554,6.0588941675955544e-58,SE,1,0.016038748239697254,0.00971478824899062,0.006323959990706634,0.4037229437229437,5.931052804541403e-39,SE,1,0.020006520982234845,0.010689141216683892,0.009317379765550953,0.5060497835497836,8.239761276938522e-62,SE,1,0.02406738515427699,0.012362721120303965,0.011704664033973026,0.5173593073593074,1.0397882031699072e-64,SE,1,0.003967772742537591,0.0009743529676932744,0.0029934197748443165,0.3975865800865801,1.260363607907793e-37,SE,1,0.008028636914579735,0.002647932871313347,0.005380704043266389,0.4927922077922078,1.655773447457488e-58,SE,1,0.0040608641720421435,0.0016735799036200715,0.002387284268422072,0.38582251082251084,1.8719794779210844e-35,SE,1,10,1
NGC5690,SW,NE,SW,0.009711646216586028,0.007456839504018261,0.0022548067125677668,0.3099434781553987,9.714093293910966e-20,SW,1,0.008021615452846683,0.0023236333881280634,0.00569798206471862,0.40489532542512674,1.004254074938278e-33,SW,1,0.009261738993039956,-0.000610585330751811,0.009872324323791768,0.46043228294883926,4.898260417271431e-44,SW,1,-0.0018889023432054602,-0.017279804519700025,0.015390902176494565,0.36110423792543,8.927402014721663e-27,SW,1,-0.0016900307637393434,-0.005133206115890197,0.0034431753521508538,0.29828978968051817,2.262511330990287e-18,SW,1,-0.00044990722354607037,-0.008067424834770071,0.007617517611224001,0.3663925478495015,1.0429384608888898e-27,SW,1,-0.011600548559791488,-0.024736644023718286,0.013136095463926798,0.3042621837323824,3.752181987218699e-19,SW,1,0.0012401235401932735,-0.002934218718879874,0.004174342259073148,0.4696019212575504,5.783958215894531e-46,SW,1,-0.009910517796052143,-0.019603437907828092,0.009692920111775949,0.304174853843728,4.0014283929495086e-19,SW,1,-0.011150641336245418,-0.016669219188948217,0.005518577852702799,0.2293234359459525,5.2605926677895806e-11,SW,1,10,1
NGC5750,NW,N,S,0.0074152735999908435,0.02013224130545679,-0.012716967705465947,0.5883241758241758,5.433746511225991e-34,N,1,0.009125382679601663,0.026319027628705145,-0.017193644949103484,0.6027014652014652,8.782154513210264e-36,N,1,0.00652226908235882,0.026330119016786037,-0.01980784993442722,0.6405677655677655,9.953322871622385e-41,N,1,0.004667505560366079,0.026233955981098397,-0.021566450420732318,0.6406135531135531,9.887357009577101e-41,N,1,0.001710109079610819,0.006186786323248355,-0.004476677243637536,0.5879578754578755,6.597936513881846e-34,N,1,-0.0008930045176320226,0.00619787771132924,-0.007090882228961263,0.5782509157509158,9.635719388357296e-33,N,1,-0.0027477680396247647,0.006101714675641602,-0.008849482715266366,0.515934065934066,8.215771459915146e-26,N,1,-0.0026031135972428418,1.1091388080886069e-05,-0.0026142049853237277,0.32985347985347985,1.4661146396647286e-10,N,1,-0.004457877119235584,-8.507164760675334e-05,-0.00437280547162883,0.3218864468864469,3.5532999327072437e-10,N,1,-0.0018547635219927417,-9.61630356876393e-05,-0.0017586004863051024,0.22564102564102564,3.42795650537592e-05,N,1,10,1
NGC6118,NW,NW,SE,0.0181145878723936,0.020156393316017363,-0.0020418054436237634,0.09306583894517342,8.174222737959478e-06,NW,1,0.017196822099150758,0.024942396012423672,-0.007745573913272914,0.24754893165715744,1.0851862096874997e-38,NW,1,0.018613755073559706,0.026603288003406524,-0.007989532929846818,0.21646003532568608,1.2286557605215828e-29,NW,1,0.0158597290999597,0.02525465836596862,-0.00939492926600892,0.22918136908962597,3.442100316221312e-33,NW,1,-0.0009177657732428428,0.004786002696406312,-0.005703768469649155,0.2121534713666575,2.0140884442970305e-28,NW,1,0.0004991672011661069,0.006446894687389166,-0.005947727486223059,0.17397102974773632,3.7259664082302337e-19,NW,1,-0.0022548587724339005,0.0050982650499512535,-0.007353123822385154,0.20368537412931753,3.161317476642301e-26,NW,1,0.0014169329744089492,0.001660891990982854,-0.00024395901657390476,0.05672194777699365,0.020239555631183764,NW,1,-0.0013370929991910576,0.00031226235354494197,-0.0016493553527359996,0.06458599970495477,0.005107308774326797,NW,1,-0.0027540259736000073,-0.0013486296374379124,-0.0014053963361620949,0.07872474671961532,0.0002822787542621433,NW,1,10,1
NGC716,NW,NW,SE,0.010389917977822278,0.01888743078184757,-0.008497512804025291,0.2354015748031496,0.0014812640944978374,NW,1,0.02427635055949557,0.043850340111268225,-0.019573989551772655,0.2466771653543307,0.00069487141704478,NW,1,0.027525272406368127,0.05496886900268066,-0.02744359659631253,0.2701732283464567,0.00014449426348369426,NW,1,0.020773793626414974,0.053613930627156296,-0.03284013700074132,0.2625511811023622,0.00024162285564731321,NW,1,0.013886432581673295,0.02496290932942066,-0.011076476747747364,0.2961889763779528,1.9296585387197652e-05,NW,1,0.01713535442854585,0.036081438220833095,-0.018946083792287245,0.3115590551181102,5.568341088854637e-06,NW,1,0.010383875648592698,0.03472649984530874,-0.024342624196716043,0.30494488188976376,9.987192147181017e-06,NW,1,0.0032489218468725514,0.011118528891412429,-0.007869607044539878,0.31930708661417323,2.9152751065026183e-06,NW,1,-0.003502556933080601,0.009763590515888071,-0.013266147448968672,0.3416692913385827,4.5766297331766686e-07,NW,1,-0.006751478779953153,-0.0013549383755243575,-0.005396540404428796,0.30954330708661415,7.471281716353549e-06,NW,1,10,1
NGC7184,NW,NW,SE,0.010246511003732726,0.016624851133649407,-0.006378340129916681,0.4082250630230165,2.770285270540852e-82,NW,1,0.014436444362137209,0.02398124589821357,-0.009544801536076362,0.35917981407174265,1.2231631312339758e-63,NW,1,0.011326789733422944,0.022692675685763112,-0.011365885952340168,0.34739397133675093,1.8078752797604078e-59,NW,1,0.011624015213052293,0.024039947476514736,-0.012415932263462444,0.37545723799247865,2.412681239094989e-69,NW,1,0.004189933358404485,0.0073563947645641625,-0.0031664614061596777,0.2744811892248459,5.8083917416832545e-37,NW,1,0.0010802787296902204,0.006067824552113702,-0.004987545822423482,0.29188730937712876,7.107688878451785e-42,NW,1,0.001377504209319569,0.0074150963428653285,-0.006037592133545759,0.3172962338671851,1.6046215706116643e-49,NW,1,-0.0031096546287142633,-0.0012885702124504595,-0.0018210844162638037,0.25918909556791986,5.224960895432759e-33,NW,1,-0.0028124291490849154,5.870157830116708e-05,-0.0028711307273860823,0.2935994139398128,2.6421797531185672e-42,NW,1,0.0002972254796293483,0.0013472717907516264,-0.0010500463111222781,0.17985302087839417,4.641785576624969e-16,NW,1,10,1
NGC7314,E,W,E,0.05443522139420659,0.03964419087559473,0.014791030518611858,0.328965328965329,3.804743062517886e-48,E,1,0.0740047619567428,0.055740270274172894,0.018264491682569904,0.3305760305760306,1.1801662491558806e-48,E,1,0.08177738005159879,0.061008452710568845,0.020768927341029947,0.3337610337610338,1.3432702438921334e-49,E,1,0.08339887305596132,0.06252434691551563,0.020874526140445687,0.31763581763581766,6.930023828788194e-45,E,1,0.0195695405625362,0.016096079398578166,0.0034734611639580353,0.24615524615524614,5.8738595407716905e-27,E,1,0.027342158657392184,0.021364261834974113,0.005977896822418071,0.2983892983892984,1.3796598900516263e-39,E,1,0.02896365166175472,0.022880156039920906,0.006083495621833815,0.22879242879242878,2.5587179252554666e-23,E,1,0.007772618094855985,0.005268182436395946,0.0025044356584600393,0.19001729001729,3.47229984393416e-16,E,1,0.009394111099218519,0.006784076641342739,0.0026100344578757796,0.15916825916825916,1.786607158894014e-11,E,1,0.001621493004362534,0.0015158942049467937,0.00010559879941574035,0.06606606606606606,0.02444049045236545,E,1,10,1
NGC7392,NE,N,S,-0.002690829071899642,0.005591764741882465,-0.008282593813782107,0.5405405405405406,4.390460823287637e-30,N,1,0.00559216846766427,0.018831943262789697,-0.013239774795125427,0.6891891891891891,1.1996534807937752e-50,N,1,0.007980735375293663,0.024218820082051715,-0.01623808470675805,0.6891891891891891,1.1996534807937752e-50,N,1,0.007892807322558669,0.02513429582717833,-0.01724148850461966,0.6756756756756757,1.7537942223936665e-48,N,1,0.00828299753956391,0.013240178520907234,-0.004957180981343325,0.3738738738738739,3.341066265778345e-14,N,1,0.010671564447193305,0.018627055340169254,-0.00795549089297595,0.44594594594594594,3.043501428937337e-20,N,1,0.010583636394458308,0.01954253108529587,-0.008958894690837561,0.4864864864864865,3.4957464799899104e-24,N,1,0.0023885669076293956,0.005386876819262018,-0.0029983099116326225,0.4774774774774775,2.845076426780394e-23,N,1,0.0023006388548944,0.006302352564388633,-0.004001713709494233,0.545045045045045,1.3056180873916588e-30,N,1,-8.792805273499477e-05,0.0009154757451266154,-0.00100340379786161,0.1981981981981982,0.0003141692825717729,N,1,10,1
NGC7448,SW,E,W,0.014949807344083238,0.016699821336279955,-0.001750013992196717,0.14294401370980003,0.007107679701690021,E,-1,0.029536127648517114,0.030672016389072746,-0.0011358887405556323,0.0864740108075238,0.24592855879533637,E,-1,0.03134531060329297,0.029270922397548783,0.002074388205744189,0.08658457371090565,0.24465640276375047,W,1,0.02498831465107174,0.020505081490603212,0.004483233160468527,0.11318877233716157,0.057112878044918255,W,1,0.01458632030443388,0.013972195052792789,0.0006141252516410917,0.04609091034730572,0.919116182600225,W,1,0.016395503259209736,0.012571101061268826,0.0038244021979409095,0.15820169437649434,0.002019800498260321,W,1,0.010038507306988503,0.0038052601543232542,0.006233247152665248,0.18292632364525893,0.0002006192428883546,W,1,0.0018091829547758603,-0.0014010939915239636,0.003210276946299824,0.30729576958690935,9.993044826305501e-12,W,1,-0.004547812997445377,-0.010166934898469536,0.005619121901024158,0.2604723800046989,1.541826464639792e-08,W,1,-0.006356995952221236,-0.008765840906945571,0.0024088449547243354,0.152632088118634,0.0032445758474801173,W,1,6,1
NGC7721,W,W,E,0.02661053692001403,0.044668069743163154,-0.018057532823149123,0.383184486893244,4.712799444103463e-46,W,1,0.04096524001248525,0.06833282224334893,-0.027367582230863677,0.4148536343339122,2.925658899770489e-54,W,1,0.04329029747440065,0.07923720920040173,-0.03594691172600108,0.4536550070288597,3.966834390445168e-65,W,1,0.04087518392244636,0.08056445460335518,-0.03968927068090882,0.4378896882494005,1.128685820688606e-60,W,1,0.014354703092471213,0.023664752500185772,-0.009310049407714559,0.44071983792276526,2.22218762852405e-61,W,1,0.016679760554386608,0.03456913945723858,-0.01788937890285197,0.5082857851649715,1.9539233694005303e-82,W,1,0.014264647002432313,0.03589638486019202,-0.021631737857759705,0.48824113123294466,5.665737035692528e-76,W,1,0.002325057461915392,0.010904386957052802,-0.00857932949513741,0.492481187463822,3.1022759063131166e-77,W,1,-9.005609003890287e-05,0.012231632360006241,-0.012321688450045144,0.444974365335318,2.0973703917085315e-62,W,1,-0.002415113551954295,0.0013272454029534416,-0.0037423589549077365,0.20157115686760937,7.915700369911559e-13,W,1,10,1
NGC779,NE,E,W,0.004983431360267268,0.01033439561817874,-0.005350964257911472,0.4240763270794647,1.0600152155614142e-39,E,1,0.023569478852682256,0.034576888251574,-0.011007409398891742,0.40096049177178716,2.1279745791508133e-35,E,1,0.023364291620197743,0.03579154475291861,-0.012427253132720868,0.4257198352223005,5.763157631045193e-40,E,1,0.020491523771081366,0.03667550379021546,-0.016183980019134094,0.4485795393908348,1.4461265465287888e-44,E,1,0.01858604749241499,0.024242492633395257,-0.005656445140980269,0.3370515037032294,5.471183838949315e-25,E,1,0.018380860259930475,0.025457149134739874,-0.0070762888748093986,0.35761883417643164,4.09569470388805e-28,E,1,0.0155080924108141,0.026341108172036713,-0.010833015761222612,0.4304155727732599,6.79817375882894e-41,E,1,-0.00020518723248451505,0.0012146565013446166,-0.0014198437338291316,0.37464301722481913,7.4026227199193215e-31,E,1,-0.0030779550816008904,0.0020986155386414585,-0.005176570620242349,0.4857270922712429,1.7004551068641375e-52,E,1,-0.0028727678491163753,0.0008839590372968416,-0.003756726886413217,0.45018035901048004,1.3305419480497996e-44,E,1,10,1
NGC787,SE,N,S,0.006658444551833507,5.751982411104824e-05,0.006600924727722459,0.6566951566951567,3.6917983742696725e-22,S,1,0.018866958073678556,0.0067347992865343,0.012132158787144257,0.7564102564102564,1.719717213170057e-30,S,1,0.026352601608183795,0.011186714001838205,0.01516588760634559,0.7293447293447294,4.15017537373885e-28,S,1,0.02168341082198801,0.006395108135463114,0.015288302686524896,0.7941595441595442,3.876335103361347e-34,S,1,0.012208513521845052,0.006677279462423252,0.0055312340594218,0.49074074074074076,3.9367779127980125e-12,S,1,0.01969415705635029,0.011129194177727156,0.008564962878623133,0.48646723646723644,6.265727909763155e-12,S,1,0.0150249662701545,0.006337588311352066,0.008687377958802433,0.6752136752136753,1.4809148327579633e-23,S,1,0.007485643534505237,0.004451914715303903,0.003033728819201334,0.47507122507122507,2.024863894821e-11,S,1,0.0028164527483094484,-0.00033969115107118614,0.0031561438993806343,0.6727207977207977,1.582107229444216e-23,S,1,-0.004669190786195789,-0.0047916058663750915,0.00012241508017930228,0.07086894586894586,0.9284903936229472,S,1,10,1
