name,paper_label,pos_label,neg_label,g-r_pos_mean,g-r_neg_mean,g-r_mean_diff,g-r_label,g-r_score,g-i_pos_mean,g-i_neg_mean,g-i_mean_diff,g-i_label,g-i_score,g-z_pos_mean,g-z_neg_mean,g-z_mean_diff,g-z_label,g-z_score,g-y_pos_mean,g-y_neg_mean,g-y_mean_diff,g-y_label,g-y_score,r-i_pos_mean,r-i_neg_mean,r-i_mean_diff,r-i_label,r-i_score,r-z_pos_mean,r-z_neg_mean,r-z_mean_diff,r-z_label,r-z_score,r-y_pos_mean,r-y_neg_mean,r-y_mean_diff,r-y_label,r-y_score,i-z_pos_mean,i-z_neg_mean,i-z_mean_diff,i-z_label,i-z_score,i-y_pos_mean,i-y_neg_mean,i-y_mean_diff,i-y_label,i-y_score,z-y_pos_mean,z-y_neg_mean,z-y_mean_diff,z-y_label,z-y_score,total,score,GOFHER_label
IC750,SE,NW,SE,0.047951809444008495,0.047371098734062124,0.0005807107099463707,SE,1,0.0768311655366787,0.07556490525948228,0.0012662602771964099,SE,1,0.0775152449002772,0.061559220239745846,0.01595602466053135,SE,1,0.06476856984737801,0.04301354511223909,0.02175502473513892,SE,1,0.028879356092670203,0.02819380652542016,0.0006855495672500427,SE,1,0.029563435456268692,0.01418812150568372,0.015375313950584972,SE,1,0.01681676040336952,-0.004357553621823037,0.021174314025192556,SE,1,0.0006840793635984906,-0.014005685019736439,0.014689764383334929,SE,1,-0.012062595689300685,-0.0325513601472432,0.020488764457942513,SE,1,-0.012746675052899175,-0.018545675127506756,0.005799000074607581,SE,1,10,1,SE
IC764,E,E,W,0.029870234791043237,0.0383821439122769,-0.008511909121233664,E,1,0.08358325691813373,0.09912654819800915,-0.015543291279875415,E,1,0.05340755191485269,0.0747222956470853,-0.021314743732232605,E,1,0.04922417757852561,0.07350644414736189,-0.02428226656883628,E,1,0.0537130221270905,0.060744404285732245,-0.007031382158641748,E,1,0.02353731712380945,0.036340151734808396,-0.012802834610998945,E,1,0.019353942787482373,0.035124300235085,-0.015770357447602624,E,1,-0.03017570500328105,-0.024404252550923843,-0.005771452452357207,E,1,-0.03435907933960813,-0.025620104050647248,-0.008738975288960879,E,1,-0.004183374336327078,-0.0012158514997234044,-0.0029675228366036737,E,1,10,1,E
NGC1309,SW,W,E,0.0053360021656184775,0.007318306747205266,-0.001982304581586788,W,1,0.011786894478255839,0.016842950155580447,-0.005056055677324608,W,1,0.013549410806937641,0.018935359416410332,-0.005385948609472691,W,1,-0.00496359192582918,-0.00011980702788292963,-0.00484378489794625,W,1,0.006450892312637362,0.00952464340837518,-0.0030737510957378183,W,1,0.008213408641319165,0.011617052669205067,-0.0034036440278859027,W,1,-0.010299594091447657,-0.0074381137750881956,-0.0028614803163594616,W,1,0.001762516328681803,0.0020924092608298867,-0.0003298929321480838,W,1,-0.016750486404085017,-0.016962757183463375,0.0002122707793783575,E,-1,-0.01851300273276682,-0.019055166444293264,0.0005421637115264437,E,-1,6,1,W
NGC1324,SW,NE,SW,0.02810481766895182,0.014535998937330482,0.01356881873162134,SW,1,0.04514415238977148,0.02175474176266011,0.02338941062711137,SW,1,0.05261138205100781,0.024563944113132338,0.02804743793787547,SW,1,0.04646406317524465,0.015906088137443875,0.030557975037800778,SW,1,0.01703933472081966,0.0072187428253296295,0.009820591895490031,SW,1,0.024506564382055986,0.010027945175801857,0.014478619206254128,SW,1,0.01835924550629283,0.001370089200113393,0.016989156306179438,SW,1,0.0074672296612363276,0.0028092023504722274,0.0046580273107641006,SW,1,0.0013199107854731695,-0.005848653625216236,0.007168564410689406,SW,1,-0.006147318875763158,-0.008657855975688463,0.002510537099925305,SW,1,10,1,SW
NGC1337,NE,NE,SW,0.0613527655584303,0.1035200658226404,-0.042167300264210096,NE,1,0.11142210444609026,0.18687736425464244,-0.07545525980855218,NE,1,0.1262848722339604,0.21697515680912113,-0.09069028457516073,NE,1,0.10103376391075372,0.20351346259225347,-0.10247969868149975,NE,1,0.05006933888765995,0.08335729843200206,-0.033287959544342105,NE,1,0.06493210667553011,0.11345509098648072,-0.04852298431095062,NE,1,0.03968099835232342,0.09999339676961307,-0.060312398417289644,NE,1,0.014862767787870159,0.03009779255447868,-0.015235024766608521,NE,1,-0.010388340535336531,0.016636098337611017,-0.02702443887294755,NE,1,-0.025251108323206692,-0.01346169421686766,-0.011789414106339031,NE,1,10,1,NE
NGC1353,SW,NE,SW,-0.00033582832975356623,-0.0068329873822222,0.006497159052468633,SW,1,0.006129783676514045,-0.003046143749793837,0.009175927426307882,SW,1,0.011517678464889844,0.0025378962592343185,0.008979782205655526,SW,1,0.003795332102998858,-0.007295011801598237,0.011090343904597094,SW,1,0.006465612006267611,0.003786843632428363,0.0026787683738392484,SW,1,0.01185350679464341,0.009370883641456518,0.0024826231531868918,SW,1,0.004131160432752424,-0.00046202441937603743,0.004593184852128462,SW,1,0.005387894788375798,0.005584040009028156,-0.00019614522065235836,NE,-1,-0.0023344515735151876,-0.0042488680518044004,0.0019144164782892129,SW,1,-0.007722346361890986,-0.009832908060832556,0.00211056169894157,SW,1,8,1,SW
NGC1385,W,NE,SW,-0.0026049518940941254,0.0142952683941111,-0.016900220288205224,NE,-1,0.004648352126984859,0.016412484658629215,-0.011764132531644357,NE,-1,0.004964813432106149,0.024968018716087857,-0.02000320528398171,NE,-1,-0.009016010378529163,0.02317376597239614,-0.032189776350925306,NE,-1,0.007253304021078984,0.0021172162645181143,0.0051360877565608705,SW,1,0.007569765326200274,0.01067275032197676,-0.003102984995776485,NE,-1,-0.006411058484435038,0.008878497578285042,-0.01528955606272008,NE,-1,0.0003164613051212903,0.008555534057458646,-0.008239072752337356,NE,-1,-0.013664362505514022,0.006761281313766927,-0.02042564381928095,NE,-1,-0.013980823810635312,-0.0017942527436917175,-0.012186571066943595,NE,-1,-8,-1,NE
NGC1415,SW,NE,SW,0.05285980364320097,-0.0021587753416512346,0.055018578984852205,SW,1,0.0971289208707776,0.008521888723795409,0.08860703214698219,SW,1,0.10856477112897875,-0.0020904072945876445,0.1106551784235664,SW,1,0.15253132231857716,0.02128403116758058,0.1312472911509966,SW,1,0.04426911722757662,0.010680664065446644,0.03358845316212998,SW,1,0.05570496748577779,6.836804706359008e-05,0.0556365994387142,SW,1,0.0996715186753762,0.023442806509231813,0.07622871216614438,SW,1,0.011435850258201163,-0.010612296018383054,0.02204814627658422,SW,1,0.05540240144779958,0.012762142443785169,0.042640259004014414,SW,1,0.04396655118959842,0.02337443846216822,0.0205921127274302,SW,1,10,1,SW
NGC150,NE,N,S,0.014773502528755708,0.014190978115200188,0.0005825244135555206,S,-1,0.0020273699459408203,0.007956214916581909,-0.005928844970641089,N,1,0.0012430854025339464,0.008274741013306853,-0.007031655610772906,N,1,0.002029829583343076,0.009368013711125254,-0.007338184127782178,N,1,-0.012746132582814889,-0.00623476319861828,-0.006511369384196609,N,1,-0.013530417126221763,-0.005916237101893336,-0.007614180024328427,N,1,-0.012743672945412633,-0.004822964404074935,-0.007920708541337699,N,1,-0.000784284543406874,0.00031852609672494334,-0.0011028106401318174,N,1,2.4596374022559374e-06,0.001411798794543345,-0.001409339157141089,N,1,0.0007867441808091298,0.0010932726978184018,-0.0003065285170092719,N,1,8,1,N
NGC1964,NW,NW,SE,0.0022343684502307403,-0.0007098516155472141,0.0029442200657779543,SE,-1,-0.03205586856748282,-0.037096122229955314,0.005040253662472495,SE,-1,-0.01629409471174349,-0.0063588945451008815,-0.009935200166642608,NW,1,-0.0031156106204533367,0.006843860147520014,-0.00995947076797335,NW,1,-0.03429023701771356,-0.0363862706144081,0.002096033596694538,SE,-1,-0.01852846316197423,-0.0056490429295536675,-0.012879420232420564,NW,1,-0.005349979070684077,0.007553711763067228,-0.012903690833751305,NW,1,0.01576177385573933,0.030737227684854432,-0.014975453829115103,NW,1,0.028940257947029483,0.043939982377475324,-0.014999724430445841,NW,1,0.013178484091290153,0.013202754692620895,-2.4270601330741992e-05,NW,1,4,1,NW
NGC210,E,E,W,0.013662059659907145,0.018589808373644375,-0.00492774871373723,E,1,0.02866480220208949,0.03689406365732492,-0.00822926145523543,E,1,0.04685116318337715,0.055050140299931466,-0.008198977116554318,E,1,0.04836842621358174,0.057009684902685806,-0.008641258689104064,E,1,0.015002742542182344,0.01830425528368055,-0.003301512741498206,E,1,0.03318910352347001,0.03646033192628709,-0.0032712284028170793,E,1,0.034706366553674595,0.038419876529041434,-0.0037135099753668396,E,1,0.01818636098128766,0.01815607664260654,3.028433868111982e-05,W,-1,0.019703624011492255,0.02011562124536088,-0.0004119972338686266,E,1,0.0015172630302045934,0.001959544602754341,-0.0004422815725497475,E,1,8,1,E
NGC2268,S,NW,SE,0.010845361532260471,0.0012438970605413665,0.009601464471719105,SE,1,0.03600916125879557,0.01908612338313316,0.016923037875662413,SE,1,0.03322161742335252,0.011400845093801851,0.02182077232955067,SE,1,0.037032529011012935,0.013055274349893222,0.02397725466111971,SE,1,0.025163799726535103,0.017842226322591796,0.007321573403943307,SE,1,0.022376255891092052,0.010156948033260485,0.012219307857831567,SE,1,0.026187167478752462,0.011811377289351856,0.014375790189400606,SE,1,-0.002787543835443052,-0.00768527828933131,0.004897734453888258,SE,1,0.0010233677522173603,-0.006030849033239938,0.0070542167854572985,SE,1,0.0038109115876604122,0.0016544292560913719,0.0021564823315690404,SE,1,10,1,SE
NGC255,NW,NW,SE,-0.03210167254409108,-0.02067290091370235,-0.011428771630388732,NW,1,-0.02818264650379985,-0.01861525490354941,-0.009567391600250441,NW,1,-0.04218420681627322,-0.03383533853963683,-0.00834886827663639,NW,1,-0.07648286333083629,-0.06666994522250815,-0.009812918108328142,NW,1,0.00391902604029123,0.0020576460101529395,0.0018613800301382909,SE,-1,-0.010082534272182133,-0.01316243762593448,0.003079903353752347,SE,-1,-0.0443811907867452,-0.045997044308805794,0.0016158535220605966,SE,-1,-0.014001560312473365,-0.01522008363608742,0.0012185233236140548,SE,-1,-0.04830021682703643,-0.04805469031895873,-0.0002455265080777008,NW,1,-0.03429865651456306,-0.03283460668287131,-0.0014640498316917522,NW,1,2,1,NW
NGC2713,N,NE,SW,0.006853752924919888,0.016766870354204426,-0.009913117429284538,NE,1,0.01186981221138481,0.026361070193933155,-0.014491257982548345,NE,1,0.027830422284142647,0.04407922991846812,-0.01624880763432547,NE,1,0.022466554146222704,0.04057313530053529,-0.018106581154312584,NE,1,0.005016059286464922,0.009594199839728729,-0.004578140553263807,NE,1,0.02097666935922276,0.027312359564263696,-0.006335690205040937,NE,1,0.015612801221302814,0.023806264946330865,-0.008193463725028051,NE,1,0.015960610072757838,0.017718159724534967,-0.0017575496517771294,NE,1,0.010596741934837893,0.014212065106602135,-0.003615323171764242,NE,1,-0.005363868137919946,-0.003506094617932831,-0.001857773519987115,NE,1,10,1,NE
NGC2748,SE,NW,SE,0.08046621142386633,0.05772857823998065,0.022737633183885678,SE,1,0.1051355816354075,0.06311456314166684,0.04202101849374065,SE,1,0.14192138867255755,0.08574811334972784,0.0561732753228297,SE,1,0.10948026839748444,0.04289170114490338,0.06658856725258105,SE,1,0.024669370211541173,0.005385984901686194,0.01928338530985498,SE,1,0.06145517724869122,0.028019535109747192,0.033435642138944024,SE,1,0.029014056973618117,-0.014836877095077267,0.043850934068695384,SE,1,0.036785807037150044,0.022633550208061,0.014152256829089042,SE,1,0.004344686762076944,-0.02022286199676346,0.024567548758840405,SE,1,-0.0324411202750731,-0.04285641220482446,0.01041529192975136,SE,1,10,1,SE
NGC2815,E,NW,SE,0.10832339180001974,0.08947082121842272,0.01885257058159702,SE,1,0.13961908716360166,0.11292604888324927,0.026693038280352396,SE,1,0.14490136701151626,0.11391252186408435,0.030988845147431915,SE,1,0.15584193111586214,0.12406033703391944,0.0317815940819427,SE,1,0.03129569536358193,0.023455227664826557,0.00784046769875537,SE,1,0.03657797521149651,0.02444170064566164,0.012136274565834874,SE,1,0.047518539315842406,0.03458951581549673,0.01292902350034568,SE,1,0.005282279847914587,0.000986472980835083,0.004295806867079504,SE,1,0.01622284395226048,0.011134288150670173,0.005088555801590306,SE,1,0.010940564104345895,0.01014781516983509,0.0007927489345108049,SE,1,10,1,SE
NGC3003,N,N,S,-0.003310481017153408,0.0015521350158304314,-0.00486261603298384,N,1,-0.025629762332266458,-0.014388704000981746,-0.011241058331284711,N,1,-0.043720636345680595,-0.02273323273657587,-0.020987403609104727,N,1,-0.09561090377307792,-0.07195934387420827,-0.023651559898869648,N,1,-0.02231928131511305,-0.01594083901681218,-0.006378442298300872,N,1,-0.04041015532852719,-0.024285367752406303,-0.016124787576120885,N,1,-0.09230042275592451,-0.0735114788900387,-0.01878894386588581,N,1,-0.018090874013414138,-0.008344528735594122,-0.009746345277820015,N,1,-0.06998114144081147,-0.05757063987322652,-0.012410501567584949,N,1,-0.05189026742739733,-0.049226111137632395,-0.002664156289764935,N,1,10,1,N
NGC3185,SW,NE,SW,0.021850519530534466,0.012740955360380139,0.009109564170154327,SW,1,0.02238608058842846,0.0071514372771401356,0.015234643311288326,SW,1,0.011961070475081215,-0.007409790040631043,0.019370860515712258,SW,1,0.019083770627870623,-0.0021551326749975567,0.02123890330286818,SW,1,0.0005355610578939937,-0.0055895180832400025,0.006125079141133996,SW,1,-0.009889449055453251,-0.02015074540101118,0.010261296345557929,SW,1,-0.0027667489026638437,-0.014896088035377696,0.012129339132713851,SW,1,-0.010425010113347245,-0.014561227317771179,0.004136217204423934,SW,1,-0.0033023099605578375,-0.009306569952137692,0.006004259991579854,SW,1,0.007122700152789408,0.005254657365633486,0.0018680427871559215,SW,1,10,1,SW
NGC3200,N,NE,SW,0.011358248508593892,0.015020587585464235,-0.0036623390768703423,NE,1,0.014367505262329949,0.01995628411722415,-0.0055887788548942,NE,1,0.008005622326411457,0.015037874309322139,-0.0070322519829106814,NE,1,0.005058799821153768,0.01365948333153573,-0.00860068351038196,NE,1,0.0030092567537360576,0.004935696531759915,-0.001926439778023857,NE,1,-0.0033526261821824337,1.7286723857903542e-05,-0.003369912906040337,NE,1,-0.006299448687440123,-0.001361104253928505,-0.004938344433511618,NE,1,-0.006361882935918491,-0.004918409807902011,-0.00144347312801648,NE,1,-0.009308705441176181,-0.00629680078568842,-0.0030119046554877614,NE,1,-0.0029468225052576894,-0.0013783909777864087,-0.0015684315274712808,NE,1,10,1,NE
NGC3370,NE,NE,SW,0.005362053467104972,0.015582297900730666,-0.010220244433625694,NE,1,0.014935340312893775,0.03334232246080834,-0.01840698214791456,NE,1,0.0067168508533232444,0.03293663857917393,-0.026219787725850683,NE,1,-0.0015674748870495006,0.028595477305667655,-0.030162952192717155,NE,1,0.009573286845788804,0.017760024560077674,-0.00818673771428887,NE,1,0.0013547973862182725,0.017354340678443263,-0.01599954329222499,NE,1,-0.006929528354154472,0.013013179404936992,-0.019942707759091464,NE,1,-0.008218489459570532,-0.0004056838816344108,-0.007812805577936122,NE,1,-0.016502815199943278,-0.004746845155140684,-0.011755970044802593,NE,1,-0.008284325740372744,-0.004341161273506273,-0.003943164466866472,NE,1,10,1,NE
NGC3430,NW,W,E,0.007273247511584671,0.016746910257053813,-0.009473662745469142,W,1,0.021399289832880655,0.03497896731772272,-0.013579677484842068,W,1,0.002417677106772042,0.01838867175335463,-0.01597099464658259,W,1,0.0002413216019805691,0.01935324258162083,-0.019111920979640262,W,1,0.014126042321295983,0.018232057060668907,-0.004106014739372924,W,1,-0.004855570404812629,0.0016417614963008188,-0.006497331901113448,W,1,-0.007031925909604102,0.0026063323245670176,-0.00963825823417112,W,1,-0.018981612726108613,-0.01659029556436809,-0.002391317161740524,W,1,-0.021157968230900086,-0.015625724736101892,-0.005532243494798195,W,1,-0.002176355504791473,0.000964570828266199,-0.003140926333057672,W,1,10,1,W
NGC3726,W,W,E,-0.0001408983019423494,-0.0002741666651507835,0.0001332683632084341,E,-1,-0.009309903934916488,-0.008552400008801043,-0.0007575039261154444,W,1,-0.0016636681791983153,-0.0028931382941798068,0.0012294701149814914,E,-1,-0.013144888392938136,-0.013568358900126361,0.0004234705071882259,E,-1,-0.00916900563297414,-0.008278233343650259,-0.0008907722893238806,W,1,-0.0015227698772559658,-0.002618971629029023,0.0010962017517730574,E,-1,-0.013003990090995786,-0.013294192234975579,0.0002902021439797932,E,-1,0.007646235755718173,0.005659261714621236,0.0019869740410969373,E,-1,-0.0038349844580216467,-0.00501595889132532,0.0011809744333036733,E,-1,-0.01148122021373982,-0.010675220605946556,-0.0008059996077932636,W,1,-4,-1,E
NGC3813,N,N,S,0.06371871464566266,0.07124884457401023,-0.007530129928347576,N,1,0.05543300573627031,0.06831519715034066,-0.012882191414070356,N,1,0.06652766342752964,0.0858517678395555,-0.019324104412025866,N,1,0.0613806971476264,0.08351211415612135,-0.022131417008494948,N,1,-0.008285708909392342,-0.0029336474236695636,-0.005352061485722778,N,1,0.0028089487818669856,0.01460292326554527,-0.011793974483678284,N,1,-0.0023380174980362502,0.012263269582111113,-0.014601287080147364,N,1,0.011094657691259328,0.017536570689214836,-0.0064419129979555075,N,1,0.005947691411356092,0.015196917005780677,-0.009249225594424586,N,1,-0.005146966279903236,-0.002339653683434158,-0.0028073125964690783,N,1,10,1,N
NGC3877,SE,NW,SE,-0.008266268655309775,-0.017414149955660863,0.009147881300351088,SE,1,-0.018260608845845166,-0.03660348415005577,0.018342875304210606,SE,1,-0.005739135538039441,-0.027517240338362295,0.021778104800322853,SE,1,-0.016461558507917178,-0.04861917299079804,0.03215761448288086,SE,1,-0.00999434019053539,-0.019189334194394912,0.009194994003859522,SE,1,0.0025271331172703336,-0.01010309038270143,0.012630223499971763,SE,1,-0.008195289852607403,-0.031205023035137183,0.02300973318252978,SE,1,0.012521473307805725,0.00908624381169348,0.0034352294961122447,SE,1,0.0017990503379279894,-0.012015688840742273,0.013814739178670262,SE,1,-0.010722422969877736,-0.02110193265243575,0.010379509682558016,SE,1,10,1,SE
NGC3887,W,W,E,0.02540070198919906,0.03217930229902874,-0.0067786003098296785,W,1,0.0298109868093262,0.03891976626338002,-0.00910877945405382,W,1,0.024208909916550076,0.03529241093363736,-0.011083501017087282,W,1,0.027280732866479696,0.04005440931880597,-0.012773676452326271,W,1,0.004410284820127141,0.006740463964351278,-0.002330179144224137,W,1,-0.001191792072648985,0.003113108634608616,-0.004304900707257601,W,1,0.001880030877280636,0.007875107019777224,-0.0059950761424965885,W,1,-0.005602076892776127,-0.0036273553297426625,-0.001974721563033464,W,1,-0.0025302539428465054,0.0011346430554259465,-0.0036648969982724516,W,1,0.003071822949929621,0.004761998385168609,-0.0016901754352389876,W,1,10,1,W
NGC3917,SE,N,S,0.040590162266820405,0.02057635485090267,0.020013807415917736,S,1,0.12310080604424652,0.0868276565059948,0.03627314953825171,S,1,0.15888032605831623,0.10947571578967896,0.04940461026863727,S,1,0.11276757324128975,0.06487192686764577,0.04789564637364398,S,1,0.08251064377742612,0.06625130165509213,0.016259342122333986,S,1,0.11829016379149583,0.0888993609387763,0.029390802852719528,S,1,0.07217741097446935,0.044295572016743105,0.027881838957726245,S,1,0.03577952001406971,0.022648059283684168,0.013131460730385545,S,1,-0.010333232802956768,-0.021955729638349023,0.011622496835392255,S,1,-0.04611275281702648,-0.04460378892203319,-0.0015089638949932899,N,-1,8,1,S
NGC4094,NW,NW,SE,-0.012514224245577403,-0.012086500358038946,-0.0004277238875384573,NW,1,-0.042934456661196066,-0.03630048185384468,-0.006633974807351388,NW,1,-0.01955787136921007,-0.004627365782359464,-0.014930505586850606,NW,1,-0.01276618073118116,0.005222079367955325,-0.017988260099136483,NW,1,-0.030420232415618663,-0.024213981495805732,-0.006206250919812931,NW,1,-0.007043647123632666,0.007459134575679482,-0.014502781699312147,NW,1,-0.0002519564856037567,0.017308579725994273,-0.01756053621159803,NW,1,0.023376585291985996,0.031673116071485215,-0.008296530779499219,NW,1,0.030168275930014907,0.0415225612218,-0.011354285291785095,NW,1,0.00679169063802891,0.00984944515031479,-0.0030577545122858806,NW,1,10,1,NW
NGC4096,NW,W,E,0.01105884463456666,0.01769509723301415,-0.00663625259844749,W,1,0.017744899629579834,0.03543494716292561,-0.017690047533345778,W,1,0.002583338650821676,0.029334010335844582,-0.026750671685022907,W,1,-0.00246955335715075,0.03470421326133673,-0.03717376661848748,W,1,0.006686054995013176,0.017739849929911462,-0.011053794934898286,W,1,-0.008475505983744983,0.01163891310283043,-0.020114419086575415,W,1,-0.013528397991717409,0.01700911602832258,-0.030537514020039992,W,1,-0.015161560978758159,-0.00610093682708103,-0.009060624151677129,W,1,-0.020214452986730587,-0.0007307339015888807,-0.019483719085141706,W,1,-0.005052892007972426,0.005370202925492149,-0.010423094933464576,W,1,10,1,W
NGC4162,W,E,W,0.030704514851072853,0.020286361276691364,0.01041815357438149,W,1,0.037349372875780384,0.02386429953913298,0.013485073336647405,W,1,0.031012166154096295,0.01612182545618519,0.014890340697911106,W,1,0.01759397943693274,0.0024037716507263477,0.015190207786206392,W,1,0.006644858024707528,0.0035779382624416176,0.00306691976226591,W,1,0.0003076513030234425,-0.004164535820506174,0.004472187123529616,W,1,-0.013110535414140114,-0.017882589625965013,0.004772054211824899,W,1,-0.0063372067216840855,-0.007742474082947791,0.0014052673612637056,W,1,-0.019755393438847642,-0.021460527888406633,0.0017051344495589912,W,1,-0.013418186717163558,-0.013718053805458841,0.0002998670882952831,W,1,10,1,W
NGC4178,SE,NW,SE,-0.027338510662434378,-0.02388840927658486,-0.0034501013858495196,NW,-1,-0.027400000147477583,-0.026443488582776023,-0.00095651156470156,NW,-1,-0.06583945104936485,-0.06540141124234515,-0.00043803980701970224,NW,-1,-0.08351058801361644,-0.07946598495438485,-0.004044603059231586,NW,-1,-6.14894850432053e-05,-0.002555079306191166,0.002493589821147961,SE,1,-0.03850094038693048,-0.041513001965760285,0.003012061578829807,SE,1,-0.056172077351182056,-0.05557757567779999,-0.0005945016733820696,NW,-1,-0.03843945090188727,-0.03895792265956912,0.0005184717576818473,SE,1,-0.05611058786613885,-0.05302249637160882,-0.003088091494530029,NW,-1,-0.01767113696425158,-0.014064573712039704,-0.0036065632522118748,NW,-1,-4,-1,NW
NGC4192,NE,NE,SW,0.005752184060159575,0.02526533995418947,-0.019513155894029896,NE,1,0.008937464897756252,0.03991262725510176,-0.030975162357345508,NE,1,0.01573017847737746,0.055324148869946355,-0.03959397039256889,NE,1,0.008100786912153029,0.05162541279577794,-0.04352462588362491,NE,1,0.003185280837596677,0.01464728730091229,-0.011462006463315614,NE,1,0.009977994417217886,0.030058808915756883,-0.020080814498538997,NE,1,0.002348602851993454,0.02636007284158847,-0.024011469989595018,NE,1,0.006792713579621208,0.015411521614844595,-0.008618808035223385,NE,1,-0.0008366779856032231,0.011712785540676179,-0.012549463526279402,NE,1,-0.007629391565224432,-0.0036987360741684147,-0.003930655491056017,NE,1,10,1,NE
NGC4220,NE,NE,SW,0.01251748674986642,0.03827358609581136,-0.025756099345944937,NE,1,0.008066051030029567,0.053826371939620477,-0.04576032090959091,NE,1,0.020162395475437137,0.0763873949663007,-0.05622499949086357,NE,1,0.01713523043955367,0.07853868972941284,-0.06140345928985917,NE,1,-0.0044514357198368526,0.015552785843809118,-0.02000422156364597,NE,1,0.007644908725570716,0.038113808870489346,-0.03046890014491863,NE,1,0.00461774368968725,0.04026510363360149,-0.035647359943914235,NE,1,0.012096344445407569,0.02256102302668023,-0.010464678581272662,NE,1,0.009069179409524102,0.02471231778979237,-0.01564313838026827,NE,1,-0.0030271650358834664,0.0021512947631121423,-0.005178459798995609,NE,1,10,1,NE
NGC4274,NE,N,S,0.021143807476176387,0.028640118001096913,-0.007496310524920526,N,1,0.028684391182873338,0.04124899729359688,-0.01256460611072354,N,1,0.03422625457080121,0.04936818222060713,-0.015141927649805924,N,1,0.029363484949351766,0.04815239495758633,-0.018788910008234565,N,1,0.007540583706696949,0.012608879292499967,-0.005068295585803018,N,1,0.01308244709462482,0.020728064219510223,-0.007645617124885403,N,1,0.008219677473175379,0.019512276956489417,-0.011292599483314038,N,1,0.0055418633879278706,0.008119184927010255,-0.0025773215390823842,N,1,0.0006790937664784287,0.006903397663989451,-0.006224303897511022,N,1,-0.004862769621449442,-0.0012157872630208038,-0.003646982358428638,N,1,10,1,N
NGC4579,NW,N,S,0.009133225217593029,0.011322543944043039,-0.0021893187264500104,N,1,0.012413279337384618,0.016284469340595478,-0.0038711900032108604,N,1,0.024696255522723816,0.030003517577437588,-0.005307262054713772,N,1,0.011697706466875863,0.017422317206997245,-0.005724610740121382,N,1,0.003280054119791589,0.004961925396552441,-0.0016818712767608518,N,1,0.015563030305130785,0.018680973633394552,-0.0031179433282637666,N,1,0.0025644812492828352,0.006099773262954208,-0.003535292013671373,N,1,0.012282976185339196,0.01371904823684211,-0.001436072051502913,N,1,-0.0007155728705087539,0.001137847866401767,-0.0018534207369105208,N,1,-0.012998549055847951,-0.012581200370440342,-0.0004173486854076088,N,1,10,1,N
NGC4586,NE,NE,SW,0.030240919412360675,0.06991534636742253,-0.03967442695506185,NE,1,0.03719884848897274,0.089852541919691,-0.05265369343071826,NE,1,0.05411678305180763,0.11550453918795466,-0.061387756136147026,NE,1,0.0551727336295251,0.11624592012851291,-0.06107318649898781,NE,1,0.006957929076612065,0.019937195552268465,-0.0129792664756564,NE,1,0.023875863639446958,0.04558919282053212,-0.021713329181085164,NE,1,0.024931814217164425,0.04633057376109038,-0.021398759543925953,NE,1,0.016917934562834892,0.025651997268263657,-0.008734062705428765,NE,1,0.01797388514055236,0.02639337820882191,-0.00841949306826955,NE,1,0.0010559505777174663,0.0007413809405582536,0.00031456963715921266,SW,-1,8,1,NE
NGC4593,NW,N,S,0.0007208794211944689,0.00046416413671299307,0.0002567152844814758,S,-1,-0.015040901976218183,-0.01486927640100884,-0.0001716255752093436,N,1,-0.021323183894349368,-0.020641083633016973,-0.0006821002613323947,N,1,-0.018600075816808108,-0.017618518341172115,-0.0009815574756359934,N,1,-0.01576178139741265,-0.015333440537721833,-0.0004283408596908178,N,1,-0.02204406331554384,-0.021105247769729968,-0.0009388155458138724,N,1,-0.019320955238002577,-0.01808268247788511,-0.0012382727601174676,N,1,-0.006282281918131187,-0.0057718072320081335,-0.0005104746861230537,N,1,-0.0035591738405899237,-0.0027492419401632766,-0.0008099319004266472,N,1,0.0027231080775412635,0.0030225652918448574,-0.0002994572143035939,N,1,8,1,N
NGC4602,S,N,S,0.0061409374424536275,-0.005668722454062634,0.01180965989651626,S,1,0.01576899794137496,-0.006509804705274291,0.022278802646649252,S,1,-0.00041238271595634785,-0.032609671345533275,0.03219728862957693,S,1,-0.0031821245857616715,-0.038666853713941164,0.035484729128179494,S,1,0.009628060498921332,-0.0008410822512116578,0.01046914275013299,S,1,-0.006553320158409976,-0.026940948891470643,0.020387628733060666,S,1,-0.0093230620282153,-0.03299813125987853,0.02367506923166323,S,1,-0.01618138065733131,-0.026099866640258984,0.009918485982927674,S,1,-0.01895112252713663,-0.03215704900866687,0.013205926481530243,S,1,-0.0027697418698053237,-0.006057182368407887,0.0032874404986025633,S,1,10,1,S
NGC470,SW,W,E,-0.011064573233896025,-0.003886596676618351,-0.0071779765572776745,W,1,-0.02043196510976143,-0.006203515313962207,-0.014228449795799222,W,1,-0.012493793047429433,0.00666147998469995,-0.019155273032129383,W,1,-0.017303583556563692,0.004700428680291365,-0.022004012236855056,W,1,-0.009367391875865405,-0.0023169186373438555,-0.0070504732385215495,W,1,-0.0014292198135334084,0.0105480766613183,-0.011977296474851708,W,1,-0.0062390103226676675,0.008587025356909715,-0.014826035679577382,W,1,0.007938172062331996,0.012864995298662156,-0.004926823236330161,W,1,0.003128381553197737,0.010903943994253571,-0.007775562441055834,W,1,-0.0048097905091342595,-0.0019610513044085853,-0.0028487392047256742,W,1,10,1,W
NGC4771,NE,NE,SW,-0.0014232512130249353,0.021518066846660543,-0.022941318059685478,NE,1,-0.0064234352638769,0.03194469835996848,-0.03836813362384538,NE,1,0.008871998799881618,0.060629362191701695,-0.05175736339182008,NE,1,0.0014105740476281538,0.06048534559162171,-0.05907477154399356,NE,1,-0.005000184050851965,0.010426631513307933,-0.0154268155641599,NE,1,0.010295250012906553,0.03911129534504115,-0.0288160453321346,NE,1,0.002833825260653089,0.03896727874496117,-0.03613345348430808,NE,1,0.015295434063758518,0.028684663831733223,-0.013389229767974705,NE,1,0.007834009311505054,0.02854064723165324,-0.020706637920148187,NE,1,-0.007461424752253464,-0.00014401660007998205,-0.007317408152173482,NE,1,10,1,NE
NGC4800,W,NW,SE,0.010341341284476283,0.020374357129103068,-0.010033015844626784,NW,1,0.012161568970994253,0.02922197559332814,-0.017060406622333886,NW,1,0.011726998679351031,0.032513772209447095,-0.020786773530096066,NW,1,0.011704111190941358,0.038563062926333075,-0.02685895173539172,NW,1,0.0018202276865179699,0.008847618464225071,-0.0070273907777071015,NW,1,0.0013856573948747468,0.012139415080344024,-0.010753757685469278,NW,1,0.001362769906465074,0.018188705797230004,-0.01682593589076493,NW,1,-0.0004345702916432232,0.0032917966161189515,-0.0037263669077621745,NW,1,-0.00045745778005289596,0.009341087333004932,-0.009798545113057828,NW,1,-2.2887488409672728e-05,0.00604929071688598,-0.006072178205295653,NW,1,10,1,NW
NGC4845,SE,N,S,0.09717886361169885,0.018164219915858835,0.07901464369584002,S,1,0.1492957974694497,0.04149990801394425,0.10779588945550546,S,1,0.17129647131238088,0.048727466096834045,0.12256900521554684,S,1,0.18702658578542786,0.06047397634369745,0.1265526094417304,S,1,0.052116933857750854,0.023335688098085415,0.02878124575966544,S,1,0.07411760770068201,0.03056324618097521,0.043554361519706805,S,1,0.089847722173729,0.042309756427838616,0.04753796574589038,S,1,0.022000673842931157,0.007227558082889794,0.014773115760041363,S,1,0.03773078831597814,0.018974068329753197,0.018756719986224944,S,1,0.015730114473046987,0.011746510246863405,0.003983604226183582,S,1,10,1,S
NGC4951,N,N,S,0.041509997417818065,0.09847696891108813,-0.05696697149327007,N,1,0.04565385987586084,0.12016765373611929,-0.07451379386025844,N,1,0.05421982765877279,0.14090664334201672,-0.08668681568324393,N,1,0.058420784498553126,0.1515244321811674,-0.09310364768261428,N,1,0.004143862458042779,0.021690684825031156,-0.017546822366988377,N,1,0.012709830240954728,0.04242967443092859,-0.029719844189973865,N,1,0.01691078708073506,0.05304746327007927,-0.036136676189344207,N,1,0.00856596778291195,0.020738989605897436,-0.012173021822985486,N,1,0.012766924622692284,0.03135677844504811,-0.018589853822355826,N,1,0.004200956839780333,0.010617788839150674,-0.00641683199937034,N,1,10,1,N
NGC5443,SE,NW,SE,0.007981873868643486,0.003949574709776602,0.004032299158866884,SE,1,0.023459222890759312,0.02100471028138408,0.0024545126093752333,SE,1,0.021673146240914515,0.01852425195212831,0.003148894288786206,SE,1,0.0225155907590904,0.02299439927239428,-0.0004788085133038793,NW,-1,0.015477349022115828,0.017055135571607476,-0.0015777865494916478,NW,-1,0.01369127237227103,0.014574677242351706,-0.000883404870080675,NW,-1,0.014533716890446914,0.019044824562617677,-0.004511107672170762,NW,-1,-0.0017860766498447966,-0.0024804583292557694,0.0006943816794109728,SE,1,-0.0009436321316689132,0.0019896889910102026,-0.002933321122679116,NW,-1,0.0008424445181758834,0.0044701473202659716,-0.003627702802090088,NW,-1,-2,-1,NW
NGC5522,SE,NW,SE,0.032748629484332326,0.017976132096853628,0.014772497387478697,SE,1,0.04935674707767666,0.026284556582847698,0.023072190494828965,SE,1,0.06522657448001143,0.03657809583516126,0.02864847864485017,SE,1,0.06251783509283937,0.026515263807807315,0.03600257128503205,SE,1,0.016608117593344338,0.00830842448599407,0.008299693107350268,SE,1,0.03247794499567911,0.01860196373830763,0.01387598125737148,SE,1,0.029769205608507043,0.008539131710953687,0.021230073897553357,SE,1,0.01586982740233477,0.01029353925231356,0.005576288150021209,SE,1,0.013161088015162706,0.00023070722495961742,0.012930380790203089,SE,1,-0.0027087393871720634,-0.010062832027353943,0.007354092640181879,SE,1,10,1,SE
NGC5533,SE,NW,SE,-0.0052761956702356465,-0.01052310657555137,0.005246910905315723,SE,1,0.010990316310948501,0.0015034692665314004,0.009486847044417102,SE,1,0.016925925617680363,0.005945209144089459,0.010980716473590904,SE,1,0.005031766047803302,-0.007675567156380682,0.012707333204183983,SE,1,0.01626651198118415,0.012026575842082771,0.004239936139101378,SE,1,0.02220212128791601,0.01646831571964083,0.0057338055682751785,SE,1,0.010307961718038949,0.0028475394191706882,0.00746042229886826,SE,1,0.005935609306731861,0.0044417398775580584,0.0014938694291738025,SE,1,-0.005958550263145198,-0.009179036422912082,0.0032204861597668836,SE,1,-0.01189415956987706,-0.013620776300470141,0.001726616730593081,SE,1,10,1,SE
NGC5559,SE,NW,SE,0.03483921567830373,0.003473862381782835,0.0313653532965209,SE,1,0.10531856609661734,0.048915285204065455,0.05640328089255189,SE,1,0.11177813184974167,0.046353754758265996,0.06542437709147567,SE,1,0.09399495390734154,0.023542851390731003,0.07045210251661053,SE,1,0.0704793504183136,0.04544142282228262,0.025037927596030983,SE,1,0.07693891617143794,0.04287989237648316,0.03405902379495478,SE,1,0.059155738229037816,0.020068989008948167,0.039086749220089645,SE,1,0.006459565753124336,-0.002561530445799461,0.009021096198923797,SE,1,-0.011323612189275791,-0.02537243381333445,0.01404882162405866,SE,1,-0.017783177942400127,-0.022810903367534992,0.005027725425134865,SE,1,10,1,SE
NGC5587,SW,E,W,0.01395086345226151,0.009297905706048517,0.004652957746212993,W,1,0.018436416640621518,0.010588311712176196,0.007848104928445322,W,1,0.018685034874989896,0.007157334489139568,0.01152770038585033,W,1,0.015022706386596543,0.0028143666450630793,0.012208339741533463,W,1,0.004485553188360009,0.001290406006127679,0.0031951471822323297,W,1,0.004734171422728385,-0.0021405712169089495,0.006874742639637334,W,1,0.0010718429343350318,-0.006483539060985438,0.00755538199532047,W,1,0.0002486182343683769,-0.003430977223036628,0.0036795954574050053,W,1,-0.0034137102540249768,-0.007773945067113117,0.00436023481308814,W,1,-0.0036623284883933534,-0.004342967844076489,0.0006806393556831355,W,1,10,1,W
NGC5616,NE,E,W,-0.0017384792724363682,0.004149804328485727,-0.005888283600922095,E,1,0.026275803820122873,0.04122374025215563,-0.014947936432032759,E,1,0.03158326910954289,0.05485056654424703,-0.02326729743470414,E,1,0.01863807828289473,0.04825953731388286,-0.02962145903098813,E,1,0.02801428309255924,0.03707393592366991,-0.009059652831110668,E,1,0.03332174838197926,0.0507007622157613,-0.017379013833782042,E,1,0.0203765575553311,0.04410973298539714,-0.023733175430066037,E,1,0.005307465289420021,0.0136268262920914,-0.008319361002671378,E,1,-0.007637725537228141,0.0070357970617272335,-0.014673522598955374,E,1,-0.012945190826648162,-0.006591029230364167,-0.006354161596283995,E,1,10,1,E
NGC5656,SE,NW,SE,0.0019147133108332077,-0.0026392378298200144,0.004553951140653222,SE,1,0.012445604404445471,0.0034088741036791153,0.009036730300766356,SE,1,0.01468596793165755,0.0016603911334509235,0.013025576798206626,SE,1,0.01326075427415074,-0.0033256392781242064,0.016586393552274946,SE,1,0.010530891093612263,0.00604811193349913,0.004482779160113133,SE,1,0.012771254620824343,0.004299628963270938,0.008471625657553404,SE,1,0.011346040963317532,-0.000686401448304192,0.012032442411621724,SE,1,0.002240363527212079,-0.0017484829702281916,0.00398884649744027,SE,1,0.000815149869705269,-0.006734513381803322,0.007549663251508591,SE,1,-0.0014252136575068101,-0.00498603041157513,0.0035608167540683196,SE,1,10,1,SE
NGC5676,SE,NW,SE,0.01370159674826798,0.004452996108232642,0.009248600640035338,SE,1,0.02873272848669657,0.017954295788099008,0.010778432698597563,SE,1,0.02709375993256331,0.009855718940573846,0.017238040991989466,SE,1,0.029224886760396883,0.010727188300770591,0.018497698459626292,SE,1,0.01503113173842859,0.013501299679866368,0.0015298320585622228,SE,1,0.013392163184295328,0.005402722832341203,0.007989440351954124,SE,1,0.0155232900121289,0.006274192192537948,0.009249097819590952,SE,1,-0.0016389685541332631,-0.008098576847525164,0.006459608293391901,SE,1,0.0004921582737003103,-0.007227107487328419,0.007719265761028729,SE,1,0.002131126827833573,0.0008714693601967449,0.001259657467636828,SE,1,10,1,SE
NGC5690,SW,NE,SW,0.003610041719537148,0.005193606870231127,-0.0015835651506939784,NE,-1,-0.004326117227167146,-0.003859901676728201,-0.00046621555043894515,NE,-1,-0.010839953748172645,-0.012925830142479696,0.002085876394307051,SW,1,-0.03940918049046772,-0.043669158872203045,0.0042599783817353284,SW,1,-0.007936158946704294,-0.009053508546959327,0.0011173496002550333,SW,1,-0.014449995467709793,-0.01811943701271082,0.0036694415450010277,SW,1,-0.04301922221000487,-0.04886276574243417,0.005843543532429302,SW,1,-0.006513836521005498,-0.009065928465751496,0.002552091944745998,SW,1,-0.03508306326330057,-0.039809257195474845,0.004726193932174272,SW,1,-0.028569226742295076,-0.030743328729723348,0.0021741019874282723,SW,1,6,1,SW
NGC5750,NW,N,S,0.015801838358372806,0.026394220836964702,-0.010592382478591896,N,1,0.017097967251006783,0.030268626053814366,-0.013170658802807583,N,1,0.012876715037979335,0.027804570509333895,-0.01492785547135456,N,1,0.01178435918585587,0.02780005381312574,-0.01601569462726987,N,1,0.0012961288926339777,0.0038744052168496654,-0.0025782763242156877,N,1,-0.002925123320393471,0.0014103496723691933,-0.004335472992762664,N,1,-0.004017479172516935,0.0014058329761610366,-0.005423312148677971,N,1,-0.004221252213027448,-0.002464055544480472,-0.001757196668546976,N,1,-0.0053136080651509125,-0.002468572240688629,-0.0028450358244622837,N,1,-0.0010923558521234642,-4.516696208156645e-06,-0.0010878391559153075,N,1,10,1,N
NGC6118,NW,NW,SE,0.024916897866915748,0.04701247225221321,-0.02209557438529746,NW,1,0.02065123985818331,0.07688749782504764,-0.05623625796686433,NW,1,0.02084989219382628,0.09636898690565901,-0.07551909471183273,NW,1,-0.003860613425815129,0.07944400862915747,-0.0833046220549726,NW,1,-0.004265658008732436,0.029875025572834436,-0.03414068358156687,NW,1,-0.004067005673089469,0.04935651465344581,-0.05342352032653528,NW,1,-0.028777511292730876,0.032431536376944264,-0.06120904766967514,NW,1,0.00019865233564296685,0.019481489080611376,-0.01928283674496841,NW,1,-0.024511853283998443,0.0025565108041098314,-0.027068364088108275,NW,1,-0.02471050561964141,-0.016924978276501544,-0.007785527343139864,NW,1,10,1,NW
NGC716,NW,NW,SE,0.014290210337470981,0.025792729041580066,-0.011502518704109085,NW,1,0.030963387831985583,0.05536403864520225,-0.024400650813216667,NW,1,0.03683148594427621,0.0701090771199749,-0.03327759117569869,NW,1,0.019214119551252958,0.058193529844817356,-0.0389794102935644,NW,1,0.0166731774945146,0.029571309603622187,-0.012898132109107587,NW,1,0.022541275606805227,0.044316348078394824,-0.021775072471589597,NW,1,0.004923909213781978,0.03240080080323729,-0.02747689158945531,NW,1,0.005868098112290626,0.01474503847477264,-0.008876940362482013,NW,1,-0.011749268280732625,0.002829491199615101,-0.014578759480347725,NW,1,-0.01761736639302325,-0.01191554727515754,-0.005701819117865712,NW,1,10,1,NW
NGC7184,NW,N,S,0.019900019512722144,0.026891011663045635,-0.006990992150323491,N,1,0.03144165432702635,0.04063160179628422,-0.009189947469257873,N,1,0.030894803355290185,0.04131445158983761,-0.010419648234547427,N,1,0.02887481374713594,0.039553459526147285,-0.010678645779011346,N,1,0.011541634814304204,0.013740590133238584,-0.0021989553189343796,N,1,0.010994783842568039,0.014423439926791976,-0.0034286560842239373,N,1,0.008974794234413797,0.012662447863101648,-0.003687653628687851,N,1,-0.0005468509717361643,0.000682849793553393,-0.0012297007652895572,N,1,-0.0025668405798904077,-0.0010781422701369365,-0.0014886983097534712,N,1,-0.002019989608154244,-0.0017609920636903296,-0.00025899754446391423,N,1,10,1,N
NGC7314,E,E,W,0.10607017154077947,0.12548182196913701,-0.019411650428357546,E,1,0.10624812541410952,0.13097894053042333,-0.02473081511631381,E,1,0.12860533449493683,0.15370141898615086,-0.025096084491214032,E,1,0.1269250358928498,0.15272375981813835,-0.025798723925288536,E,1,0.00017795387333004463,0.005497118561286311,-0.005319164687956267,E,1,0.02253516295415737,0.02821959701701385,-0.0056844340628564825,E,1,0.02085486435207035,0.027241937849001325,-0.006387073496930976,E,1,0.022357209080827323,0.02272247845572754,-0.00036526937490021644,E,1,0.020676910478740308,0.021744819287715014,-0.001067908808974706,E,1,-0.0016802986020870183,-0.0009776591680125258,-0.0007026394340744924,E,1,10,1,E
NGC7392,NE,N,S,-0.0024439612012931607,0.004871146712830573,-0.007315107914123734,N,1,0.00589867378650936,0.01847492169085335,-0.012576247904343987,N,1,0.006520180919049484,0.021746942807580324,-0.015226761888530841,N,1,0.0028248906863803814,0.019057242478433524,-0.016232351792053144,N,1,0.008342634987802522,0.013603774978022776,-0.0052611399902202545,N,1,0.008964142120342643,0.01687579609474975,-0.007911653974407108,N,1,0.005268851887673542,0.014186095765602952,-0.00891724387792941,N,1,0.0006215071325401231,0.003272021116726975,-0.002650513984186852,N,1,-0.003073783100128979,0.0005823207875801765,-0.0036561038877091553,N,1,-0.0036952902326691022,-0.002689700329146798,-0.0010055899035223042,N,1,10,1,N
NGC7448,SW,E,W,0.008876085101753488,0.009585495536042791,-0.000709410434289303,E,-1,0.014293160897338855,0.015570329048460091,-0.0012771681511212357,E,-1,0.013865460765635473,0.011222261194761555,0.002643199570873918,W,1,0.0035225782205771756,-0.0019470253604014494,0.0054696035809786245,W,1,0.005417075795585368,0.0059848335124173,-0.0005677577168319318,E,-1,0.004989375663881986,0.0016367656587187632,0.0033526100051632225,W,1,-0.005353506881176312,-0.011532520896444241,0.006179014015267929,W,1,-0.00042770013170338224,-0.004348067853698536,0.003920367721995154,W,1,-0.01077058267676168,-0.01751735440886154,0.00674677173209986,W,1,-0.010342882545058298,-0.013169286555163005,0.0028264040101047064,W,1,4,1,W
NGC7721,W,W,E,0.04377644899716006,0.06407040291582618,-0.02029395391866612,W,1,0.04575944958656249,0.07132526658008201,-0.025565816993519522,W,1,0.05510733649042395,0.09401799306729132,-0.03891065657686737,W,1,0.038379944280434376,0.08226297785967539,-0.04388303357924101,W,1,0.0019830005894024287,0.007254863664255825,-0.005271863074853396,W,1,0.011330887493263891,0.02994759015146514,-0.01861670265820125,W,1,-0.005396504716725682,0.018192574943849207,-0.02358907966057489,W,1,0.009347886903861463,0.022692726487209314,-0.013344839583347852,W,1,-0.007379505306128111,0.010937711279593384,-0.018317216585721496,W,1,-0.016727392209989575,-0.01175501520761593,-0.004972377002373645,W,1,10,1,W
NGC779,NE,NE,SW,0.0017547843231820656,0.00801440195783574,-0.0062596176346536745,NE,1,0.031522209128285746,0.040617194082360475,-0.00909498495407473,NE,1,0.03268973010325195,0.04377912410677636,-0.011089394003524412,NE,1,0.007405408699998807,0.021812733951046104,-0.014407325251047296,NE,1,0.029767424805103682,0.032602792124524736,-0.002835367319421054,NE,1,0.030934945780069886,0.03576472214894062,-0.004829776368870737,NE,1,0.005650624376816741,0.013798331993210363,-0.008147707616393622,NE,1,0.0011675209749662015,0.003161930024415887,-0.0019944090494496856,NE,1,-0.02411680042828694,-0.01880446013131437,-0.00531234029697257,NE,1,-0.025284321403253145,-0.021966390155730257,-0.0033179312475228873,NE,1,10,1,NE
NGC787,SE,N,S,0.004795892222466909,-8.744584201994011e-05,0.004883338064486849,S,1,0.017943673671617793,0.008307721487025634,0.009635952184592159,S,1,0.025924070919840184,0.013146054714438617,0.012778016205401567,S,1,0.021938394613382727,0.009199954454980177,0.01273844015840255,S,1,0.013147781449150882,0.008395167329045574,0.004752614120105308,S,1,0.02112817869737327,0.013233500556458557,0.007894678140914714,S,1,0.017142502390915818,0.009287400297000117,0.0078551020939157,S,1,0.00798039724822239,0.004838333227412982,0.003142064020809409,S,1,0.003994720941764935,0.0008922329679545429,0.0031024879738103927,S,1,-0.003985676306457455,-0.003946100259458439,-3.957604699901616e-05,N,-1,8,1,S
