name,paper_label,pos_label,neg_label,g-r_pos_mean,g-r_neg_mean,g-r_mean_diff,g-r_mannwhitneyu_stat,g-r_mannwhitneyu_pval,g-r_wasserstein_distance,g-r_mean_wasserstein_distance,g-r_wasserstein_distance_confidence_interval_lower,g-r_wasserstein_distance_confidence_interval_lower,g-r_laplace_smoothed_kld,g-r_label,g-r_score,g-i_pos_mean,g-i_neg_mean,g-i_mean_diff,g-i_mannwhitneyu_stat,g-i_mannwhitneyu_pval,g-i_wasserstein_distance,g-i_mean_wasserstein_distance,g-i_wasserstein_distance_confidence_interval_lower,g-i_wasserstein_distance_confidence_interval_lower,g-i_laplace_smoothed_kld,g-i_label,g-i_score,g-z_pos_mean,g-z_neg_mean,g-z_mean_diff,g-z_mannwhitneyu_stat,g-z_mannwhitneyu_pval,g-z_wasserstein_distance,g-z_mean_wasserstein_distance,g-z_wasserstein_distance_confidence_interval_lower,g-z_wasserstein_distance_confidence_interval_lower,g-z_laplace_smoothed_kld,g-z_label,g-z_score,r-i_pos_mean,r-i_neg_mean,r-i_mean_diff,r-i_mannwhitneyu_stat,r-i_mannwhitneyu_pval,r-i_wasserstein_distance,r-i_mean_wasserstein_distance,r-i_wasserstein_distance_confidence_interval_lower,r-i_wasserstein_distance_confidence_interval_lower,r-i_laplace_smoothed_kld,r-i_label,r-i_score,r-z_pos_mean,r-z_neg_mean,r-z_mean_diff,r-z_mannwhitneyu_stat,r-z_mannwhitneyu_pval,r-z_wasserstein_distance,r-z_mean_wasserstein_distance,r-z_wasserstein_distance_confidence_interval_lower,r-z_wasserstein_distance_confidence_interval_lower,r-z_laplace_smoothed_kld,r-z_label,r-z_score,i-z_pos_mean,i-z_neg_mean,i-z_mean_diff,i-z_mannwhitneyu_stat,i-z_mannwhitneyu_pval,i-z_wasserstein_distance,i-z_mean_wasserstein_distance,i-z_wasserstein_distance_confidence_interval_lower,i-z_wasserstein_distance_confidence_interval_lower,i-z_laplace_smoothed_kld,i-z_label,i-z_score,total,score,GOFHER_label
IC750,SE,NW,SE,0.012615694132614479,0.01182954866619629,0.000786145466418189,18196803.0,1.0519559019273394e-67,0.0030646397431030965,0.0031185402945295396,0.0027531625557467494,0.0035734251286791835,inf,SE,1,0.019805273437006946,0.016741198763345178,0.0030640746736617687,19248328.0,1.1110178605651919e-123,0.0046485481444421325,0.004739813778755447,0.004352522930331014,0.005185859507795107,inf,SE,1,0.018265980437882804,0.012107569092525132,0.006158411345357672,19965529.0,1.2666379224318098e-171,0.007161446967564045,0.007230676475693933,0.006613207071357716,0.007908059672177331,inf,SE,1,0.007189579304392468,0.004911650097148885,0.0022779292072435823,19657218.0,4.8219570149645303e-150,0.002296147367118182,0.002316824281052898,0.002041051366305504,0.0026502740663962073,inf,SE,1,0.005650286305268324,0.0002780204263288432,0.00537226587893948,20616177.0,5.673896285145418e-222,0.00537818592625796,0.005375528826185725,0.004875803048185066,0.005902429516878075,inf,SE,1,-0.001539292999124144,-0.004633629670820043,0.003094336671695899,19698808.0,7.203017231697002e-153,0.0030973518438496246,0.0031056017165494868,0.002838491971964421,0.0033772587634059844,inf,SE,1,6,1,SE
NGC1309,SW,W,E,0.017630607663959075,0.012097305357569742,0.005533302306389333,22650055.0,6.8296618231493775e-193,0.005577868554044171,0.005576615125165734,0.005175147748890352,0.005979568632617134,inf,E,-1,0.02712959708910373,0.01969884011005228,0.007430756979051451,22835791.0,3.7461090009186334e-206,0.007757082119265659,0.007783717708689347,0.007263657242623362,0.008297228912458814,inf,E,-1,0.025629528915914603,0.018765985932766113,0.00686354298314849,21906066.0,3.138605361146435e-144,0.007202516622580092,0.007225373681156464,0.006613058634827565,0.007843348878568298,inf,E,-1,0.009498989425144651,0.007601534752482533,0.0018974546726621185,21781139.5,9.305819937643863e-137,0.002823024458386069,0.002822624288046274,0.0026529098115055283,0.003008254195975736,inf,E,-1,0.007998921251955528,0.0066686805751963694,0.001330240676759159,19815277.0,1.2618296717841031e-45,0.002513528428071786,0.002520125356964671,0.0023038274524524844,0.0027423887587533858,inf,E,-1,-0.0015000681731891237,-0.0009328541772861642,-0.0005672139959029595,16270473.0,2.735939953999013e-07,0.0005687601088365074,0.0005708445617013962,0.00040277754357577743,0.0007425135561015899,inf,W,1,-4,-1,E
NGC1324,SW,NE,SW,0.008793420256376815,0.004283644341393376,0.004509775914983439,26721738.0,0.0,0.0045097759149834386,0.004507305162704335,0.004298305096527113,0.004697081494106171,inf,SW,1,0.013717909826311575,0.006051048862951705,0.00766686096335987,28372252.0,0.0,0.00766686096335987,0.007659182942304167,0.007360431481952281,0.007970119315635706,inf,SW,1,0.012027215663759342,0.001612419314004875,0.010414796349754467,28392950.0,0.0,0.010414796349754467,0.0104144231597691,0.01002051272100281,0.010849305796784052,inf,SW,1,0.0049244895699347615,0.0017674045215583293,0.003157085048376432,26887833.0,0.0,0.0031570850483764318,0.0031552395133282217,0.0030151472033010988,0.003298794168457009,inf,SW,1,0.0032337954073825286,-0.0026712250273885005,0.005905020434771029,27193766.0,0.0,0.005905020434771029,0.005908242429637577,0.005656954272759807,0.006178186096977052,inf,SW,1,-0.0016906941625522327,-0.004438629548946829,0.002747935386394597,23998581.0,2.134369954753407e-208,0.0027551935960100503,0.00276465381008856,0.002593649812364038,0.002932672499308452,inf,SW,1,6,1,SW
NGC2268,S,NW,SE,0.010363421910837884,0.006376307942551445,0.0039871139682864385,30025772.0,2.6692301100510342e-219,0.004024472126872047,0.004031891047565708,0.0037823163510795686,0.00427886587477009,inf,SE,1,0.016920380340270148,0.010915340096740719,0.006005040243529429,30390792.0,5.781062584453748e-242,0.006013980455045325,0.0060334564184371005,0.005672183619717888,0.006428071672185025,inf,SE,1,0.01739300497575494,0.010527007491453095,0.006865997484301844,30097907.0,1.0875821078906093e-223,0.006910181248572221,0.006950304714922874,0.00653282898770901,0.007415941840062868,inf,SE,1,0.006556958429432262,0.004539032154189275,0.002017926275242987,28898076.0,2.2700591423691472e-156,0.002017926275242987,0.002035774555911464,0.0018544077555361705,0.002232760570084398,inf,SE,1,0.007029583064917057,0.004150699548901651,0.0028788835160154062,28243699.0,9.171149403874303e-125,0.002939680535050286,0.002978717228573328,0.002720456590772849,0.0032462523787918154,inf,SE,1,0.0004726246354847943,-0.0003883326052876244,0.0008609572407724187,25807306.0,9.211241388877986e-39,0.0009834657179859502,0.000989547580006784,0.0008500034921000714,0.001123185875947268,inf,SE,1,6,1,SE
NGC2713,N,NE,SW,0.0069826121150170515,0.012946557273961682,-0.005963945158944631,13574073.0,0.0,0.005963945158944633,0.005956737766433534,0.0056035674810985606,0.006303067370942615,inf,NE,1,0.009916972513306959,0.01855652089031321,-0.00863954837700625,12985441.0,0.0,0.00863954837700625,0.008643256759559546,0.008154509939228036,0.009144499970171098,inf,NE,1,0.010289401193599855,0.020451408603565483,-0.010162007409965628,13679713.0,0.0,0.010162007409965626,0.010162016962316575,0.009504712132779078,0.010819402468610545,inf,NE,1,0.00293436039828991,0.005609963616351527,-0.002675603218061617,13353442.0,0.0,0.0026756032180616177,0.0026738664304524137,0.0025070536950162104,0.0028489009868163558,inf,NE,1,0.003306789078582808,0.007504851329603802,-0.004198062251020994,14585685.0,6.585387202029454e-287,0.004198062251020995,0.00419883718549054,0.003856301518214151,0.004535310882787904,inf,NE,1,0.0003724286802928976,0.0018948877132522752,-0.0015224590329593777,17343980.0,1.93393886800582e-127,0.0015224590329593773,0.0015266433387565565,0.0013400804684402508,0.0016958951669924344,inf,NE,1,6,1,NE
NGC3003,N,N,S,0.001908163467176044,-0.0017513116224013429,0.003659475089577387,67079386.0,5.267228328048561e-103,0.0036618983827000243,0.003662668770154317,0.0033216699316748794,0.003995209824509225,inf,S,-1,-0.015263567301149222,-0.019073098681606105,0.0038095313804568827,62033987.0,2.556818694456305e-25,0.0038098065282408606,0.003815444471905977,0.0031252033384801224,0.004464311729299994,inf,S,-1,-0.03580970105991854,-0.03828756209749397,0.0024778610375754268,60540322.0,1.2914014262499407e-12,0.003671919201122523,0.0037277469550640522,0.0032711314329734085,0.004151421210488851,inf,S,-1,-0.017171730768325268,-0.017321787059204764,0.00015005629087949668,55322071.0,8.993979894329082e-06,0.0012712104042531874,0.0012906266078203932,0.0010415681502046416,0.0015728332459858778,inf,S,-1,-0.03771786452709459,-0.03653625047509264,-0.0011816140520019489,55721557.0,0.0003751761548339087,0.0018155448094724037,0.0018660008017699168,0.0014501621065676502,0.002298705523045338,inf,N,1,-0.020546133758769323,-0.019214463415887867,-0.001331670342881456,54854887.0,4.4301637705603865e-08,0.0013375222889429267,0.0013490055161672523,0.0009156058875267639,0.001760095634951626,inf,N,1,-2,-1,S
NGC3185,SW,NE,SW,0.004032515182906873,0.0030988518049776216,0.0009336633779292516,56447582.0,5.827139373115045e-170,0.0009336633779292515,0.0009384072338328544,0.0007889568773597317,0.0011074707608536136,inf,SW,1,0.003535997382796483,0.0018615780820028687,0.001674419300793614,58200192.0,6.653453205377869e-230,0.0016744193007936117,0.0016747353394088985,0.0014230728786809206,0.0019280814140090015,inf,SW,1,0.0026912666946627053,0.0005888913446149123,0.002102375350047793,58263658.0,3.029774062989888e-232,0.0021023753500477925,0.002098458444243911,0.0018083927439334834,0.0024099061596832057,inf,SW,1,-0.000496517800110391,-0.0012372737229747533,0.0007407559228643624,53794337.0,1.4979991151468288e-96,0.0007407559228643625,0.0007389956999789713,0.0006236012329169021,0.000869834593406139,inf,SW,1,-0.0013412484882441688,-0.0025099604603627096,0.0011687119721185408,55258245.0,1.7918929523479653e-134,0.0011687119721185408,0.0011693734061671557,0.0010089906963033533,0.001347589923326965,inf,SW,1,-0.0008447306881337777,-0.0012726867373879563,0.0004279560492541786,50284340.0,1.7771874360003872e-31,0.0004279560492541784,0.0004291313600711352,0.00035168575546147654,0.0005088593630989092,inf,SW,1,6,1,SW
NGC3370,NE,NE,SW,0.012062916038133802,0.01187491429580719,0.00018800174232661178,23243627.0,0.10215080350644846,0.0013933684464530836,0.0014348021529484076,0.0011871698918587974,0.001695391230082463,inf,SW,-1,0.019857634154683935,0.019512882539368587,0.00034475161531534806,23417968.0,0.016295307993093717,0.0018371045436078137,0.0018904460308132268,0.0015318989910439486,0.0022812615742172247,inf,SW,-1,0.018529734230878465,0.019837415586230266,-0.0013076813553518016,22223982.0,0.004296446662359119,0.0022088658141055234,0.0022374780683114153,0.0019123449022611122,0.0025609414490951185,inf,NE,1,0.007794718116550132,0.007637968243561399,0.00015674987298873368,23259054.0,0.08867136374990041,0.0004385996965953254,0.0004783746959974321,0.0003340279165821487,0.0006390062230144566,inf,SW,-1,0.006466818192744662,0.007962501290423077,-0.0014956830976784142,21138159.0,2.223313502387236e-14,0.0015040687568368626,0.0015074393863057992,0.0011932799057884822,0.001820592898072082,inf,NE,1,-0.00132789992380547,0.0003245330468616777,-0.0016524329706671477,19043920.0,8.997333964688273e-64,0.0016524330776597892,0.001651104416941315,0.0014840426146849374,0.0018177845132331932,inf,NE,1,0,0,-
NGC3430,NW,NW,SE,0.010636522377514612,0.011632046461613395,-0.0009955240840987829,69917300.0,0.03640244841813242,0.00152443109179222,0.0015414929560436553,0.0012934055690423522,0.0018091938622485499,inf,NW,1,0.015744682371216893,0.017118239719571663,-0.0013735573483547696,70716603.0,0.000280240316926629,0.0025122894904125786,0.002527943122056079,0.002156866120812367,0.002928266458592313,inf,NW,1,0.006196058200773402,0.007737642688062204,-0.0015415844872888017,69755610.0,0.07494909288646555,0.0022733739201727023,0.0023302607866044094,0.0018874934560720454,0.002803879170616801,inf,NW,1,0.005108159993702283,0.005486193257958269,-0.00037803326425598586,70535177.0,0.0010261865013403238,0.0007954044740871343,0.0008089067672538241,0.000673145569898612,0.0009533011668966968,inf,NW,1,-0.0044404641767412075,-0.003894403773551193,-0.0005460604031900145,69761273.0,0.07318261573638596,0.0012103018058430004,0.0012286905713274625,0.0010174832766659675,0.0014469024215830152,inf,NW,1,-0.00954862417044349,-0.00938059703150946,-0.00016802713893403036,69329239.0,0.3375464580921258,0.0005501951896101984,0.0005661310973226215,0.00045367819458025344,0.0006793942794085494,inf,NW,1,6,1,NW
NGC3726,W,W,E,-0.0033155787454462395,-0.003331117694369345,1.5538948923105728e-05,1508438485.0,0.0003925070874766344,0.00012682047824923514,0.00012822533698190203,0.0001058380748772839,0.0001529207088752445,inf,E,-1,-0.006972013962626371,-0.006958290919471707,-1.3723043154664077e-05,1484284471.0,0.27407590766095347,0.0002418308803736443,0.00025574691906585955,0.00023230535775156503,0.0002912107337377443,inf,W,1,-0.015150382986589475,-0.015289790755811154,0.0001394077692216788,1495121218.0,0.3234071315652737,0.0001737680727383213,0.0001828940223217432,0.00013057769681640486,0.00024357649736451092,inf,E,-1,-0.0036564352171801315,-0.0036271732251023626,-2.9261992077768938e-05,1472757344.0,0.0009412689641968069,0.0001077488710538237,0.0001114589369317075,8.946083252686957e-05,0.00013532088972171218,inf,W,1,-0.011834804241143236,-0.01195867306144181,0.00012386882029857306,1496067600.0,0.24230942524424082,0.0002351554605374939,0.00023572060115249332,0.000196079894746117,0.00027796413081299613,inf,E,-1,-0.008178369023963105,-0.008331499836339447,0.00015313081237634113,1520020465.0,7.955487274997249e-09,0.0001561967088908571,0.00015824522873966225,0.00011414768796440095,0.0002001044518601768,inf,E,-1,-2,-1,E
NGC3813,N,N,S,0.046097067457018054,0.05957666397511593,-0.013479596518097874,18453595.0,1.6237093498381865e-139,0.013955378201916908,0.013974483874971145,0.012920837964333548,0.015041032443309415,inf,N,1,0.06236741070075665,0.0814286232995614,-0.019061212598804743,18254666.0,8.88649977760951e-149,0.019493658206921408,0.019466169686488618,0.01792536481165155,0.020926090039362553,inf,N,1,0.05897277967436916,0.08279451250915543,-0.023821732834786266,17535738.0,9.277594748841231e-185,0.024162983015860798,0.02416724701771944,0.022650502402158094,0.02564383992003597,inf,N,1,0.0162703432437386,0.021851959324445464,-0.005581616080706866,18485525.0,4.6675069177546084e-138,0.005581616080706867,0.005583442543030523,0.00514979687075056,0.006006430483506087,inf,N,1,0.01287571221735111,0.0232178485340395,-0.010342136316688389,16490452.0,4.3464139620526316e-244,0.010342136316688393,0.010332091159820277,0.009797060615799004,0.010891594670882439,inf,N,1,-0.0033946310263874907,0.001365889209594033,-0.004760520235981523,16549414.0,1.6069024637952134e-240,0.004762743852432994,0.004760062444430145,0.004501798520217516,0.0050364383443865825,inf,N,1,6,1,N
NGC3877,SE,NW,SE,-0.009761861761013266,-0.0069311230328570955,-0.002830738728156171,148814569.0,5.667575650909666e-237,0.0028307387281561692,0.002832193952297717,0.0026047258589619055,0.003049544234462761,inf,NW,-1,-0.016788637517715546,-0.012380949245294433,-0.004407688272421113,152560206.0,2.5656375893166845e-190,0.004407688272421112,0.004407883726105565,0.004012154275207839,0.004782297885128574,inf,NW,-1,-0.019778751324321747,-0.01861161248032402,-0.0011671388439977275,176857647.0,1.4821807586461171e-12,0.0013717763099880928,0.0014037422181093799,0.001210881828188508,0.001618793521648981,inf,NW,-1,-0.007026775756702279,-0.005449826212437337,-0.0015769495442649415,160503615.0,2.06565897697376e-108,0.0015769495442649409,0.0015846082307226792,0.0014057210290145702,0.0017648650369924714,inf,NW,-1,-0.01001688956330848,-0.011680489447466925,0.0016635998841584444,204199333.0,5.1295189471166195e-73,0.0018576799721507023,0.0018648642773721738,0.001700488472240729,0.002042822218318207,inf,SE,1,-0.002990113806606202,-0.006230663235029588,0.003240549428423386,239356294.0,0.0,0.003285356050480607,0.003287116546474313,0.003170350722901511,0.0033972704451554164,inf,SE,1,-2,-1,NW
NGC3917,SE,N,S,0.05279437793069265,0.048552191541144624,0.004242186389548028,149339357.0,3.7099789028887814e-13,0.004567354404954933,0.004640290613200628,0.004110112611707343,0.005236529960152265,inf,S,1,0.07172566580479318,0.06495452110667194,0.006771144698121248,150235486.0,1.3998265257089343e-16,0.007515055175487055,0.007579380625691215,0.006844796055344877,0.008384176880578229,inf,S,1,0.07520225639143266,0.06622147752958114,0.008980778861851516,148759932.0,3.597024443090894e-11,0.010210078359916958,0.010272646505031851,0.009406077354413633,0.011171862379845977,inf,S,1,0.01893128787410053,0.016402329565527295,0.0025289583085732342,153670571.0,1.1331407969570399e-33,0.0028256989980657457,0.0028345399310126885,0.002525931367160869,0.003163186775805518,inf,S,1,0.02240787846074002,0.017669285988436506,0.0047385924723035155,150549706.0,6.99112013196112e-18,0.005028105292399062,0.005068830207346444,0.004500945428997127,0.005641731642734104,inf,S,1,0.0034765905866394903,0.001266956422909212,0.0022096341637302783,149158918.0,1.6109525970235844e-12,0.002217656889076049,0.0022514275245411153,0.0018059626039344343,0.0027112134711736063,inf,S,1,6,1,S
NGC4096,NW,W,E,0.012382888481900611,0.010500986134914882,0.0018819023469857296,1986328972.0,0.0,0.002016026342212901,0.002020556110761248,0.0019221007747602173,0.0021185285161340406,inf,E,-1,0.013159026112245563,0.011780566299527607,0.0013784598127179557,1922205422.0,9.13282594313095e-250,0.002029690160756638,0.002034770453471766,0.0018991211665116974,0.0021669521181453843,inf,E,-1,-0.006926176506179101,-0.007768910377627419,0.000842733871448318,1830018872.0,1.209971125469078e-71,0.0016033501066373703,0.001618556650246229,0.0014794330409201278,0.0017758158021182909,inf,E,-1,0.0007761376303449499,0.0012795801646127245,-0.0005034425342677745,1681675051.0,2.604728061004989e-14,0.0005034425342677748,0.00050244104503532,0.0004393473670436685,0.0005660483213688991,inf,W,1,-0.019309064988079713,-0.0182698965125423,-0.0010391684755374116,1658440177.0,3.540289054263439e-31,0.0010391684755374129,0.0010388915277540988,0.0009237624965073314,0.0011531109013367127,inf,W,1,-0.020085202618424666,-0.019549476677155023,-0.0005357259412696429,1680633612.0,6.404542612202118e-15,0.0005374374002573804,0.0005382107915953787,0.0004417459980385047,0.0006293471857472172,inf,W,1,0,0,-
NGC4162,W,E,W,0.0014019743128798378,0.0010135839272700903,0.00038839038560974743,29742719.0,0.0001396528161368883,0.0003971000487982603,0.00040074079906790393,0.00029589067343553546,0.0005205562308161862,inf,W,1,-0.00013679260367255712,-0.0006448080212583543,0.0005080154175857972,30275282.0,7.2076494511107496e-09,0.0005080154175857938,0.0005100215998478892,0.00038370624676570524,0.0006387473465449951,inf,W,1,-0.0014092315114735208,-0.002246739741566633,0.0008375082300931121,30405001.0,3.6661455388069074e-10,0.000837508230093108,0.0008374501862779223,0.0006398352539835739,0.0010520015392858663,inf,W,1,-0.0015387669165523947,-0.0016583919485284448,0.00011962503197605,29591277.0,0.0011682191924136346,0.00013821358312638993,0.00014345375053045122,8.148929485065215e-05,0.00021638207895121516,inf,W,1,-0.002811205824353359,-0.0032603236688367237,0.0004491178444833649,29863989.0,2.053270192323554e-05,0.00044911784448336243,0.00045007418943803954,0.00032497739841114804,0.0005867768368050736,inf,W,1,-0.0012724389078009638,-0.0016019317203082787,0.0003294928125073149,30152295.0,9.85360663113122e-08,0.0003388969523226734,0.0003414116653067915,0.00025749318207880095,0.0004315525825826709,inf,W,1,6,1,W
NGC4178,SE,NW,SE,-0.02594870840998836,-0.021169930781796152,-0.004778777628192208,22128039.0,6.946649885730597e-57,0.0049713431141365835,0.005026681842898263,0.004355241610329642,0.005711637463405733,inf,NW,-1,-0.03201583554259497,-0.031047781510301332,-0.000968054032293636,25521341.0,0.017988644417531074,0.0019104526167836905,0.0019437159623264622,0.0012520935401482286,0.0026673540943732365,inf,NW,-1,-0.06897927684440457,-0.06978331745238736,0.000804040607982795,26603499.0,0.05135725032846057,0.0019119514165775397,0.0021708113907487076,0.0015406254868848982,0.002892743924547782,inf,SE,1,-0.006067127132606609,-0.009877850728505175,0.003810723595898566,29573475.0,2.961982722251088e-43,0.003980535421661669,0.003991616719464636,0.003455779661174322,0.0045271337397146914,inf,SE,1,-0.0430305684344162,-0.048613386670591216,0.005582818236175013,29277705.0,1.8603001721717987e-36,0.005617615331212503,0.005647375223653503,0.004746974251208173,0.006469967432426041,inf,SE,1,-0.03696344130180959,-0.038735535942086036,0.0017720946402764448,27183731.0,2.028353972753717e-05,0.0017847674889133918,0.001845902656823352,0.0011821240272677747,0.0025540813008071914,inf,SE,1,2,1,SE
NGC4192,NE,NE,SW,0.0040219265590940205,0.004676762256161889,-0.0006548356970678681,2535549385.0,0.9061070686428289,0.0010967018261885478,0.001097840620187462,0.0010656862604684154,0.0011297049169058581,inf,NE,1,0.005640415524189221,0.006527842587316597,-0.0008874270631273763,2572201693.0,4.120795309915027e-06,0.0015745643916808502,0.0015765965993875786,0.001532721793178611,0.0016229593158633056,inf,NE,1,0.0048566687810689185,0.006029714476302042,-0.0011730456952331238,2531807774.0,0.5484346466814449,0.001837689088981634,0.0018400960287972333,0.0017848306736062169,0.00189348677624205,inf,NE,1,0.0016184889650952005,0.0018510803311547086,-0.0002325913660595081,2532308761.0,0.5922706477128722,0.00041364596644591323,0.00041472240606643576,0.0003999415164142045,0.00042974757722765946,inf,NE,1,0.0008347422219748974,0.0013529522201401532,-0.0005182099981652558,2419186499.0,1.331864378893886e-51,0.0006579592504563511,0.0006582003432167559,0.0006349129512928921,0.0006806827395743684,inf,NE,1,-0.0007837467431203031,-0.0004981281110145551,-0.000285618632105748,2206143063.0,0.0,0.0002860905418559052,0.00028657511555767884,0.00027246505965656056,0.0003021791179483904,inf,NE,1,6,1,NE
NGC4220,NE,NE,SW,0.011334055503695267,0.019533819047572742,-0.008199763543877475,26399536.0,9.436254093482058e-74,0.008358237089161053,0.008356905203843672,0.007758246155401422,0.008969928360776152,inf,NE,1,0.019517335294777307,0.030688209385353382,-0.011170874090576075,28093145.0,6.772442714617285e-35,0.012004205278186166,0.012015592826802188,0.011154557222249402,0.012935922178120977,inf,NE,1,0.017186098240506993,0.030876094773409732,-0.013689996532902739,27159315.0,1.708192940917762e-54,0.014386729037729376,0.014397639406467768,0.01338954634857827,0.01537258047811721,inf,NE,1,0.00818327979108204,0.01115439033778064,-0.0029711105466986003,29884951.0,8.189984691965229e-10,0.003545118355730217,0.0035559704576611255,0.003257742017258148,0.0038597523078525773,inf,NE,1,0.005852042736811723,0.011342275725836992,-0.005490232989025269,27181783.0,5.711559871239966e-54,0.005704634485759684,0.005701568310151094,0.005276607769678769,0.006144810629330828,inf,NE,1,-0.002331237054270317,0.00018788538805635132,-0.0025191224423266683,23270588.0,1.9415935215145104e-184,0.002558564839615007,0.002561210590551932,0.0023932715804229703,0.002714363026202398,inf,NE,1,6,1,NE
NGC4274,NE,N,S,0.005993653209210707,0.012327210607414521,-0.006333557398203815,20821030.0,0.0,0.006333557398203814,0.006335413749712122,0.006077356534051296,0.0066088261645823355,inf,N,1,0.0073790373388094065,0.016585938454182287,-0.009206901115372881,20003360.0,0.0,0.009206901115372878,0.009209827495475463,0.008841133656583218,0.009550505213327388,inf,N,1,0.008445814085428677,0.01977954207118843,-0.011333727985759753,20934976.0,0.0,0.011333727985759753,0.011339920295559058,0.010877636287987222,0.011805076517221047,inf,N,1,0.0013853841295987008,0.004258727846767766,-0.002873343717169065,20841360.0,0.0,0.002873343717169065,0.002875437023656634,0.0027614635117219747,0.002982872761120597,inf,N,1,0.0024521608762179707,0.007452331463773912,-0.005000170587555941,23065381.0,0.0,0.00500017058755594,0.0049967367408692,0.00480477700786249,0.005183730696128654,inf,N,1,0.0010667767466192698,0.0031936036170061455,-0.0021268268703868755,29286103.0,0.0,0.002126826870386876,0.002125102276024158,0.002033636787414929,0.002215115755653926,inf,N,1,6,1,N
NGC4579,NW,NW,SE,0.003496861140449949,0.004165375071844263,-0.000668513931394314,36729478.0,3.54461116198207e-93,0.0007308188290570209,0.0007552256945927363,0.0006782155103374646,0.0008410263961931774,inf,NW,1,0.002644979143285415,0.003595476902102676,-0.000950497758817261,31988578.0,2.38711572043814e-241,0.0009615924260566398,0.0009805714356685966,0.0009024062278702827,0.001079427000384333,inf,NW,1,0.002387028761342497,0.00354001811106328,-0.0011529893497207828,32264896.0,8.588729501465258e-231,0.0011914805470122948,0.0012048171684569625,0.0011275086432008354,0.0012925718920699758,inf,NW,1,-0.0008518819971645347,-0.0005698981697415871,-0.0002819838274229476,40532027.0,7.887291021194086e-25,0.0002996017288313899,0.00030018242713121177,0.00024994348663339225,0.0003527260326105038,inf,NW,1,-0.001109832379107453,-0.0006253569607809833,-0.00048447541832646965,35981016.0,6.403107003999186e-112,0.0005010364660001339,0.0005022428851583085,0.0004410342935246456,0.0005680240903325851,inf,NW,1,-0.00025795038194291806,-5.54587910393961e-05,-0.00020249159090352195,37442023.0,5.95448726751466e-77,0.00020969607351001098,0.00021089198781368878,0.00018798512229155917,0.00023440497777907078,inf,NW,1,6,1,NW
NGC4586,NE,NE,SW,0.01944757107985786,0.02808203571262784,-0.00863446463276998,82521111.0,5.325689310133249e-265,0.008652762226394242,0.008652210142777412,0.008146482252137256,0.009148983767918298,inf,NE,1,0.02548648639800072,0.036347474127622896,-0.010860987729622178,84385125.0,1.2384809153817263e-227,0.010936514445155232,0.010948656891814462,0.010291733684101193,0.011670615807953708,inf,NE,1,0.020850282319178105,0.03264195918731861,-0.011791676868140505,85898039.0,2.089227337591278e-199,0.011910420199670674,0.01195242418257578,0.011166248231994457,0.012763232778688724,inf,NE,1,0.006038915318142854,0.008265438414995059,-0.0022265230968522053,91011652.0,6.235865638508338e-118,0.0022683307163845748,0.002264062951257444,0.002042915946205547,0.0024693253410488216,inf,NE,1,0.0014027112393202425,0.004559923474690773,-0.0031572122353705307,92595189.0,4.6427685392074535e-97,0.003237143788020884,0.0032357739061034973,0.002935886785794959,0.0035217155142217996,inf,NE,1,-0.004636204078822611,-0.0037055149403042863,-0.000930689138518325,97710318.0,1.0475277891096618e-43,0.000930707439606695,0.0009306022270681216,0.0008221321594181059,0.0010304046390368566,inf,NE,1,6,1,NE
NGC4602,S,NE,SW,0.0053077042863166925,-0.00028343307152843035,0.005591137357845123,24669758.0,1.596753862469748e-239,0.005597285605943035,0.005594295894494995,0.005292567493252298,0.0059015349299893,inf,SW,1,-0.003616610527095031,-0.01243182936930201,0.008815218842206977,23751570.0,7.433032075805739e-176,0.00881521884220698,0.008827261595100985,0.008166077762865327,0.009468561355482965,inf,SW,1,-0.013402560581922327,-0.02677802837333611,0.013375467791413784,25264979.0,4.386912131030589e-286,0.013375467791413785,0.013366583062390148,0.012663475626383557,0.014091180859352206,inf,SW,1,-0.008924314813411723,-0.01214839629777358,0.003224081484361858,21332298.0,1.8176688271402834e-55,0.0032240814843618568,0.003222665028865542,0.0028438106408203295,0.0035896461272697214,inf,SW,1,-0.01871026486823902,-0.02649459530180768,0.007784330433568659,24203428.0,5.966962594546554e-206,0.007784330433568663,0.007776080903053719,0.007295865396072173,0.008267808100278726,inf,SW,1,-0.009785950054827297,-0.0143461990040341,0.004560248949206803,23776446.0,1.8909037683108027e-177,0.004561509863690364,0.00456102926731022,0.004258400393332121,0.00486586466740122,inf,SW,1,6,1,SW
NGC470,SW,E,W,0.0028179098791945452,0.00175023644719055,0.0010676734320039952,95869089.0,8.628987908782581e-16,0.0011068063213582823,0.0011107079117279697,0.0009421118899314722,0.0012722993403965395,inf,W,1,0.0018761803855690735,-0.00024310271168544948,0.002119283097254523,98174735.0,2.1125320936947263e-31,0.002170348029416933,0.0021671307071424906,0.001915760430039851,0.002425217921687303,inf,W,1,2.5519321289949317e-05,-0.002939220064831633,0.0029647393861215823,103606524.0,1.9213713033186724e-90,0.0029735542666391138,0.0029797812478826115,0.002686602421384306,0.003273683220599958,inf,W,1,-0.0009417294936254715,-0.0019933391588759994,0.0010516096652505278,100678621.0,9.999504846767345e-55,0.001068272043476151,0.0010715126403390844,0.0009484436513089987,0.0011948482541107599,inf,W,1,-0.0027923905579045954,-0.004689456512022183,0.0018970659541175878,108146133.0,7.61536792524423e-164,0.0018970659541175897,0.0018983037267768057,0.0017199261339315432,0.002087410186210179,inf,W,1,-0.0018506610642791243,-0.0026961173531461833,0.000845456288867059,102014269.0,6.867724877011173e-70,0.0008490354365731958,0.0008588087097575975,0.0007629279048258161,0.0009547580087161977,inf,W,1,6,1,W
NGC4771,NE,NE,SW,0.018356078157693016,0.037149592910994504,-0.018793514753301488,25541385.0,0.0,0.018933957373533525,0.018954264993990347,0.018137614093893136,0.019744069163493763,inf,NE,1,0.019777295959959237,0.047889870278531525,-0.028112574318572288,22314702.0,0.0,0.028112574318572288,0.028108592103537385,0.027202291480647112,0.0290216664785789,inf,NE,1,-0.019825002124176396,0.015095520315886901,-0.0349205224400633,24299435.0,0.0,0.034920522440063294,0.03494252208686811,0.03364426954132112,0.0362235238648853,inf,NE,1,0.0014212178022662196,0.010740277367537021,-0.009319059565270802,28944558.0,0.0,0.009423151123698986,0.009442283089114855,0.00893167744563439,0.009984778809362303,inf,NE,1,-0.03818108028186941,-0.022054072595107607,-0.016127007686761802,29999760.0,0.0,0.016128881745308393,0.01611008260787873,0.015232989214150765,0.016952562236963255,inf,NE,1,-0.03960229808413563,-0.03279434996264463,-0.006807948121490999,36656596.0,7.8442700495763e-88,0.006807948121491003,0.006797203339891191,0.006130198238835879,0.0074541366857139345,inf,NE,1,6,1,NE
NGC4800,W,NW,SE,0.003414180122456204,0.007439239128459094,-0.00402505900600289,806975.0,7.976223166244796e-60,0.004036724014391854,0.004077268997693361,0.0036458718404416466,0.00454724118324368,inf,NW,1,0.015374478458524006,0.02353549395724603,-0.008161015498722024,769172.0,5.415847879819472e-71,0.008161015498722023,0.008120602732140698,0.007019613344974594,0.009185768724847358,inf,NW,1,0.014717989518067742,0.024112743342643832,-0.00939475382457609,799476.0,5.807537188172413e-62,0.00939475382457609,0.009364840931361055,0.008092515219646003,0.010703187579841565,inf,NW,1,0.011960298336067801,0.016096254828786932,-0.004135956492719131,832460.0,7.585881850385681e-53,0.0041359564927191325,0.004139706370983891,0.00348676847947956,0.004845622654678657,inf,NW,1,0.01130380939561154,0.016673504214184738,-0.005369694818573198,854713.0,4.079864246134959e-47,0.005369694818573201,0.005387869464871281,0.004476701755246228,0.006363270648238391,inf,NW,1,-0.0006564889404562636,0.0005772493853978038,-0.0012337383258540675,946552.5,4.890615268485058e-27,0.0016967094697303365,0.0017165183349290754,0.0014430365192761735,0.001984694597671691,inf,NW,1,6,1,NW
NGC4845,SE,N,S,0.005037643678091555,0.0034479599641880523,0.0015896837139035024,179209399.0,0.0,0.0017698215873186245,0.00177101252407501,0.0016965145947221896,0.0018472296013819938,inf,S,1,0.005044891411040397,0.0028417661941546064,0.002203125216885791,187631196.0,0.0,0.00242333403843397,0.0024220925455069953,0.0023199030357969486,0.002530848047054902,inf,S,1,0.00022234570445631358,-0.002495549528932746,0.0027178952333890595,192129158.0,0.0,0.0029625307638794806,0.0029686440440303647,0.0027786466392125085,0.003164728376953065,inf,S,1,7.247732948842435e-06,-0.0006061937700334458,0.0006134415029822882,185737045.0,0.0,0.0006783834842168743,0.0006790649047900025,0.0006251704036025667,0.0007342190660138174,inf,S,1,-0.004815297973635241,-0.005943509493120798,0.0011282115194855575,166400398.0,1.414576120662674e-187,0.0012293638176081173,0.0012279858296185995,0.0010813743625375533,0.001382135427241272,inf,S,1,-0.004822545706584084,-0.005337315723087353,0.0005147700165032687,153016138.0,3.457930231739136e-45,0.0006066646712810897,0.0006017073957622805,0.0004837292132470832,0.0007133406404712469,inf,S,1,6,1,S
NGC5443,SE,NW,SE,0.005550856403698585,0.0036245298470468884,0.0019263265566516964,40175907.0,2.0132327941343027e-290,0.0019903640531313068,0.001987879827027964,0.0018494656132923227,0.002133623794449029,inf,SE,1,0.008123229149423981,0.00506510089111299,0.003058128258310991,40644038.0,0.0,0.0030581282583109896,0.003060529023015674,0.0028168377461954674,0.0032995829689926003,inf,SE,1,0.005389174970256432,0.0023019453739672583,0.0030872295962891733,41721484.0,0.0,0.0031002329027615128,0.0031052422009015153,0.0029164359976453207,0.003296205398748876,inf,SE,1,0.0025723727457253962,0.0014405710440661018,0.0011318017016592945,39586779.0,6.494795544956938e-258,0.0011484015967382346,0.0011486817994110809,0.0010288643967907869,0.0012745496626269078,inf,SE,1,-0.00016168143344215264,-0.0013225844730796303,0.0011609030396374776,40415220.0,3.4987145569301127e-304,0.0012023953142088325,0.001205561274806469,0.0011038127307102146,0.0013195959801622146,inf,SE,1,-0.002734054179167549,-0.002763155517145732,2.9101337978182894e-05,31808432.0,1.7673717502923678e-10,0.000265552621069319,0.00026571961354728056,0.00019403476823511844,0.0003419880995798622,inf,SE,1,6,1,SE
NGC5522,SE,NW,SE,0.019429098845116576,0.013808247585415814,0.005620851259700762,3335959.0,1.3293627893334707e-32,0.005620851259700761,0.005628881744184183,0.0048269397705872465,0.006467356750003467,inf,SE,1,0.030899804212087684,0.02125757589298072,0.009642228319106962,3290710.0,9.007166815108444e-28,0.009642228319106957,0.009623305241860971,0.008221413234874927,0.011035155409150985,inf,SE,1,0.03384489843692267,0.021472993217672265,0.012371905219250405,3328960.0,7.893827430532553e-32,0.012371905219250409,0.01234221619317471,0.010532221912641528,0.014170148053717442,inf,SE,1,0.011470705366971107,0.007449328307564913,0.004021377059406195,3188081.5,2.611189378418584e-18,0.004021377059406195,0.004012097793077118,0.003358930420769525,0.004661390558894403,inf,SE,1,0.014415799591806097,0.007664745632256452,0.006751053959549645,3283618.0,4.733220113501175e-27,0.0067510539595496445,0.006745799525323397,0.0057985220413695766,0.007651601505589594,inf,SE,1,0.002945094224834989,0.00021541732469153993,0.002729676900143449,3323043.0,3.4977693195908765e-31,0.002729676900143449,0.0027349264015621468,0.0023699391056596726,0.00311170088052862,inf,SE,1,6,1,SE
NGC5533,SE,NW,SE,0.004892481042734596,0.0011187265754563007,0.0037737544672782953,11601954.0,0.0,0.0037737544672782957,0.0037744778592723113,0.0035469868496788796,0.004001024405173635,inf,SE,1,0.003907131559021785,-0.0006815774188235641,0.004588708977845349,11823081.5,0.0,0.0045887089778453485,0.004587857420504349,0.004396891802114988,0.004774170377392963,inf,SE,1,0.0006965082784882232,-0.00463842454416631,0.005334932822654533,10952513.0,0.0,0.005334932822654534,0.005333918035394062,0.005077151855815319,0.0056025208262982205,inf,SE,1,-0.0009853494837128124,-0.001800303994279865,0.0008149545105670527,8400810.0,1.565554742470865e-87,0.0009457368274519981,0.0009537685598708021,0.0008485075974951821,0.0010695336211898694,inf,SE,1,-0.004195972764246374,-0.00575715111962261,0.0015611783553762361,8326816.0,1.4947604391806547e-80,0.0016675935449186146,0.001677706392643844,0.0014531785865181481,0.0019156205611750028,inf,SE,1,-0.0032106232805335613,-0.003956847125342745,0.0007462238448091838,7699034.0,3.3939149201279565e-33,0.0007628090150578295,0.0007737368816673827,0.0006374847881858692,0.0009135720743062909,inf,SE,1,6,1,SE
NGC5559,SE,NW,SE,0.03285045405010144,0.011559098924330885,0.02129135512577055,2518531.0,8.007489646819782e-264,0.02129135512577055,0.02128227441717331,0.02016459460810539,0.02239292211593166,inf,SE,1,0.05120651682476736,0.01879768514274216,0.0324088316820252,2582045.0,2.0634631211735562e-297,0.0324088316820252,0.03244013062920672,0.0308581464481094,0.034087433481845536,inf,SE,1,0.058690218355553735,0.01807960789830693,0.0406106104572468,2586010.0,1.414482351200911e-299,0.04061061045724681,0.04064004541135567,0.03864382904021815,0.042769068552550665,inf,SE,1,0.018356062774665925,0.007238586218411277,0.011117476556254648,2415783.0,9.008134780915888e-214,0.011117476556254648,0.011130077562358622,0.010502775095303512,0.011724711110468545,inf,SE,1,0.025839764305452297,0.006520508973976044,0.019319255331476253,2454946.0,3.177773438948873e-232,0.019319255331476253,0.019338402206847207,0.018256208464462197,0.02041649284612601,inf,SE,1,0.007483701530786373,-0.0007180772444352316,0.008201778775221604,2189376.0,3.546652788630598e-122,0.008201778775221606,0.00821010404671285,0.007582758560430154,0.008843382240845854,inf,SE,1,6,1,SE
NGC5587,SW,E,W,0.0067544332897489946,0.005099572798121435,0.0016548604916275592,10546012.0,1.4865240405107276e-77,0.0018868159685167575,0.0018949686437771463,0.0017219416763865313,0.0020730336694386895,inf,W,1,0.00933208945032318,0.006608064460169136,0.002724024990154044,11170514.0,1.4968633091900057e-131,0.003059462478935932,0.003072572239175208,0.00285318975817839,0.0032903140661566343,inf,W,1,0.0062511597644408145,0.002243243726811853,0.004007916037628961,12087058.0,6.913186075184744e-237,0.004349281582925165,0.004355954052948974,0.004108243321576251,0.004600596397622393,inf,W,1,0.0025776561605741852,0.0015084916620477012,0.001069164498526484,11165843.0,4.2905232569827107e-131,0.0011908910891140414,0.0011969606072735775,0.0011030275356701286,0.0012970587252936086,inf,W,1,-0.0005032735253081794,-0.002856329071309582,0.0023530555460014027,11917607.0,4.502008747919966e-215,0.0025334042018047478,0.002540158292706401,0.0023884135536593153,0.0026899201253574403,inf,W,1,-0.0030809296858823653,-0.004364820733357284,0.0012838910474749186,10499613.0,4.069339605821645e-74,0.001338865228487076,0.0013538228384987526,0.0012012216774700626,0.0015075407622463343,inf,W,1,6,1,W
NGC5616,NE,NE,SW,0.016454076117896527,0.01846605040521952,-0.0020119742873229915,5461223.0,3.4940569397871315e-06,0.002011974287322995,0.002020098048246545,0.0013951363140720277,0.0026886544817905957,inf,NE,1,0.01874442447050107,0.024038223957554106,-0.005293799487053035,4988153.0,1.6432000333408856e-25,0.00529379948705303,0.005284813576289858,0.004365249970519757,0.006237801728205678,inf,NE,1,0.01694046000143715,0.025367762469333963,-0.008427302467896813,4909451.0,3.993861636247571e-30,0.008427302467896821,0.0084224606499608,0.0071628234142810335,0.00970134561153839,inf,NE,1,0.0022903483526045512,0.005572173552334586,-0.0032818251997300345,4257722.0,8.669482855235045e-84,0.003281825199730035,0.003286453376936896,0.0029510158290181575,0.0036123690819096477,inf,NE,1,0.00048638388354062294,0.006901712064114447,-0.006415328180573825,4342582.0,3.086331835622707e-75,0.0064153281805738255,0.006430949706241183,0.005736412383120717,0.007146738072969351,inf,NE,1,-0.001803964469063928,0.0013295385117798608,-0.003133502980843789,4844778.0,3.2302689040488735e-34,0.0031415492230277816,0.003157728046901016,0.0026965408142847307,0.003649987727004398,inf,NE,1,6,1,NE
NGC5656,SE,NW,SE,0.007665361808048445,0.004923617606414209,0.002741744201634236,4303796.0,9.55760612909729e-113,0.002893548104302452,0.0029059383221295477,0.0026606352050152693,0.003146090110944555,inf,SE,1,0.009778500130521142,0.00494459258828739,0.004833907542233751,4474063.0,1.0003731933436328e-147,0.004964050423237073,0.004990654522228202,0.004627752946117707,0.005393501146025193,inf,SE,1,0.00591441585204587,-0.0006550150024577126,0.006569430854503583,4385595.0,5.908567742364951e-129,0.006652687052008323,0.006662412305464508,0.006119485803055765,0.007216444238160514,inf,SE,1,0.002113138322472696,2.0974981873182348e-05,0.002092163340599514,4357977.0,2.33015890877675e-123,0.002092176585965348,0.00210888475903382,0.0018876858112939429,0.0023166604608890746,inf,SE,1,-0.0017509459560025756,-0.005578632608871921,0.0038276866528693452,4086363.0,5.104172864212661e-75,0.0038276866528693457,0.003834904565798392,0.003397878032986725,0.004306631072693871,inf,SE,1,-0.0038640842784752713,-0.005599607590745103,0.001735523312269832,3710908.0,3.5353413667657047e-28,0.001735523312269832,0.0017440833734153917,0.0014470679131741754,0.002118541201838722,inf,SE,1,6,1,SE
NGC5676,SE,NW,SE,0.017233798500644312,0.013061197474802479,0.004172601025841834,65700423.0,5.928103342365127e-176,0.004172604653741874,0.004166543386042942,0.0039002827009993416,0.004436837542016611,inf,SE,1,0.024981943422896648,0.01783512974515865,0.007146813677737996,67045451.0,1.4550395802002903e-216,0.0071468136777379995,0.007150520106764416,0.006743654327859781,0.00759304332723289,inf,SE,1,0.024426369505865044,0.015948301736395193,0.008478067769469851,69143919.0,2.0793472493004253e-288,0.008478067769469846,0.008484519729646525,0.008044914130239906,0.008907587319654882,inf,SE,1,0.007748144922252334,0.004773932270356171,0.0029742126518961624,67434355.0,4.255154037313736e-229,0.0029742136912800235,0.002971638750885461,0.0028027059682293872,0.003135258421083178,inf,SE,1,0.007192571005220724,0.002887104261592717,0.004305466743628007,70988512.0,0.0,0.004305466743628007,0.004301897030058842,0.004091608193404045,0.004502481283507807,inf,SE,1,-0.0005555739170316086,-0.001886828008763455,0.0013312540917318463,64471421.0,1.4638362611982097e-142,0.0013342407659359876,0.0013360066263421622,0.0012366015548155112,0.0014502626763702516,inf,SE,1,6,1,SE
NGC5690,SW,NE,SW,-0.0019072292866174608,-0.001991303906552863,8.407461993540223e-05,210564875.0,3.5979480504718056e-33,0.00030271352295066403,0.000322197948743639,0.0002659470123235115,0.0003838795758012052,inf,SW,1,-0.007833841860965009,-0.008317581049145118,0.00048373918818010904,216863947.0,1.0276465434421492e-68,0.001050607769188139,0.0010678002535093405,0.0008971657811597463,0.0012488955727807513,inf,SW,1,-0.00722397873192907,-0.007941410307836532,0.0007174315759074616,212819366.0,2.2276800158391529e-44,0.0007174315759074614,0.0007141978884495677,0.0005849461675026117,0.0008433080604365083,inf,SW,1,-0.00592661257434755,-0.006326277142592253,0.0003996645682447031,215660597.0,6.610939783555422e-61,0.0007262261167488153,0.0007436231440644254,0.0006308556657033669,0.0008784065808756443,inf,SW,1,-0.0053167494453116105,-0.005950106401283669,0.0006333569559720583,216124559.0,7.35645473498585e-64,0.0006333569559720572,0.0006359659291839432,0.0005552622137985629,0.0007273071753470056,inf,SW,1,0.0006098631290359395,0.00037617074130858526,0.0002336923877273542,192418285.0,9.495680275484992e-05,0.0007164477733717008,0.000754469185432447,0.0006488151266925656,0.0009085265349463489,inf,SW,1,6,1,SW
NGC5750,NW,N,S,-0.001603659231067435,-0.000592858577825352,-0.001010800653242083,38690507.0,2.1509878548316584e-267,0.0021194051208691714,0.002151148457905774,0.0019343599922386867,0.00238451334582754,inf,N,1,0.003579161063749283,0.005729010956087837,-0.002149849892338554,33524250.0,0.0,0.002950369492935569,0.002956639974847233,0.0027875504129408644,0.0031337266724923577,inf,N,1,-0.005708890475659869,-0.0025673150460773717,-0.003141575429582497,35470357.0,0.0,0.003925233552053876,0.003936749149223986,0.0036774499976365473,0.0042100766322708824,inf,N,1,0.005182820294816718,0.006321869533913189,-0.0011390492390964705,43156895.0,2.477932334845604e-133,0.0012386843758181241,0.0012546867494722979,0.0010869189279043574,0.0014329384731905756,inf,N,1,-0.004105231244592433,-0.0019744564682520195,-0.0021307747763404136,37749299.0,1.3737146819835448e-301,0.0021468966153550544,0.002153128207594811,0.002018489617825514,0.00228514721573753,inf,N,1,-0.009288051539409151,-0.008296326002165209,-0.0009917255372439426,49187855.0,3.701642095279307e-26,0.001195074174728125,0.0012009797333047021,0.000982060208384136,0.0014364828252637683,inf,N,1,6,1,N
NGC716,NW,NW,SE,0.019451426571470913,0.016510192302622233,0.0029412342688486803,4509092.0,6.262311331852952e-16,0.004856991349502426,0.004861186432950247,0.004048847613059212,0.00563853037783947,inf,SE,-1,0.025257713489636464,0.023280483290939333,0.0019772301986971316,4384853.0,1.3150343758986791e-09,0.006283815785730821,0.0063025315503357085,0.005195966140368137,0.007416955869401819,inf,SE,-1,0.02724873122251964,0.026421605791973245,0.0008271254305463951,4289513.0,6.286206583526522e-06,0.005912350054278565,0.0059178756382642665,0.004575983580956335,0.007271960787714266,inf,SE,-1,0.00580628691816555,0.006770290988317098,-0.0009640040701515487,4039449.0,0.650080526068764,0.0015786861651395038,0.0016253474930413249,0.0013483460066337602,0.001934710541865151,inf,NW,1,0.007797304651048726,0.009911413489351015,-0.0021141088383022895,3999545.0,0.8456531788615518,0.0024289930779982645,0.0025383513959390874,0.002158783001685323,0.0029624395563003464,inf,NW,1,0.001991017732883175,0.0031411225010339163,-0.0011501047681507412,3973249.0,0.5340024566921233,0.0013029814136067846,0.0013438000162187054,0.001081121494660457,0.0016224863711119266,inf,NW,1,0,0,-
NGC7448,SW,E,W,0.013550175622343369,0.016658596544461033,-0.003108420922117664,9691390.0,2.683356102025688e-19,0.0038180537974961404,0.0038171544278036676,0.003407609842036356,0.004218920872160895,inf,E,-1,0.022363776218218192,0.02546687490921647,-0.003103098690998278,9865068.0,2.1102609145099475e-14,0.004883943400664729,0.004883616833418906,0.004207956844650486,0.005584351205957796,inf,E,-1,0.01693577133929003,0.018237987713321687,-0.0013022163740316582,10348399.0,8.773533429686891e-05,0.005456478302933173,0.005447209867456085,0.004699140391559096,0.006213605821689827,inf,E,-1,0.008813600595874823,0.008808278364755439,5.32223111938436e-06,10373853.0,0.00019436037397444004,0.0012262920285910212,0.0012553090274210676,0.0009819768207877185,0.00154102491351848,inf,W,1,0.0033855957169466613,0.0015793911688606573,0.001806204548086004,11282726.0,0.0010686508868234263,0.002029317501490372,0.002094022484730197,0.00169794541235357,0.0024975070164676306,inf,W,1,-0.005428004878928161,-0.007228887195894783,0.0018008823169666215,11956649.0,2.6554724358613148e-17,0.0018091315533977051,0.0018272903002846564,0.0015155447415687705,0.0021402386976336523,inf,W,1,0,0,-
NGC7721,W,W,E,0.030745564529824094,0.04987762799457223,-0.019132063464748137,4531556.0,0.0,0.01913206346474814,0.019112097941632412,0.01818812521551796,0.019992680368413944,inf,W,1,0.02953336335377267,0.05948241644012284,-0.029949053086350166,3859094.0,0.0,0.02994905308635016,0.029956702194179414,0.02867965037738861,0.031206805259848147,inf,W,1,0.049184743369449904,0.08773805144619072,-0.038553308076740817,3848258.0,0.0,0.038553308076740817,0.03855031544641399,0.037021329298123226,0.04008816948289524,inf,W,1,-0.001212201176051418,0.0096047884455506,-0.010816989621602017,4516291.0,0.0,0.010817481042245695,0.010823868047362739,0.010306073645099039,0.011329882471461158,inf,W,1,0.01843917883962581,0.03786042345161849,-0.01942124461199268,4420032.0,0.0,0.019421244611992676,0.01941267554054856,0.018535041397121154,0.020285264579272894,inf,W,1,0.01965138001567723,0.028255635006067887,-0.008604254990390657,6470362.0,4.68539202322583e-90,0.008609761323262789,0.008621135893934642,0.007883331360445578,0.009359788005890076,inf,W,1,6,1,W
NGC779,NE,E,W,0.007552420443037494,0.009791096095997782,-0.002238675652960288,25538198.0,5.436792054986451e-103,0.0022421330789483083,0.002246911341961492,0.002035698229102232,0.0024546468989025652,inf,E,1,0.013702265881149563,0.017256266356513315,-0.0035540004753637517,25043888.0,1.467009744285932e-119,0.003554000475363755,0.003555297497735679,0.0032551751255165753,0.003840473984511196,inf,E,1,0.012463751982906274,0.017203236217873032,-0.004739484234966758,24999399.0,4.109170822139456e-121,0.0047394842349667565,0.004735474322942958,0.004325423474931376,0.005160333626875771,inf,E,1,0.006149845438112069,0.007465170260515537,-0.001315324822403468,25417691.0,6.478665865062615e-107,0.0013171516234740427,0.001340939194811126,0.0012120820189807685,0.0014673128326476612,inf,E,1,0.00491133153986878,0.00741214012187525,-0.00250080858200647,25089468.0,5.580389970731129e-118,0.00250080858200647,0.0025176116237154373,0.0022700836647856597,0.0027769267343992644,inf,E,1,-0.0012385138982432887,-5.303013864028725e-05,-0.0011854837596030014,26056635.0,5.854753244142597e-87,0.0012367857108835732,0.00127013852762413,0.0011360750320004102,0.0014168432014634487,inf,E,1,6,1,E
NGC787,SE,N,S,0.007059261273139233,0.004602516436930599,0.002456744836208634,7313856.0,7.763198122275857e-68,0.002468244262062305,0.0024950226979126677,0.0021469247779571507,0.0028764121521690045,inf,S,1,0.008176979166165261,0.0047912953219744195,0.003385683844190842,7499517.0,4.199306338739485e-86,0.0033996181370952653,0.0034172403371760247,0.0029645782176847837,0.0038511905418272476,inf,S,1,0.0048256887097647035,0.0014712449516074053,0.003354443758157298,7409878.0,5.241153220586082e-77,0.0036071015261437164,0.0036161168853367574,0.003227083876178901,0.004045952425032779,inf,S,1,0.0011177178930260273,0.00018877888504382118,0.0009289390079822062,7111567.0,1.8621890464404808e-50,0.0009289390079822063,0.000928900698957725,0.0008062331169553777,0.001053202261644682,inf,S,1,-0.0022335725633745303,-0.0031312714853231932,0.000897698921948663,6790756.0,2.7932254894267744e-28,0.0011302134932986933,0.0011385098634605546,0.00097912928303815,0.0013009801302096996,inf,S,1,-0.003351290456400558,-0.0033200503703670146,-3.1240086033543224e-05,6061306.0,0.03251003524881991,0.00032054080361430164,0.0003453024254128062,0.00023743413626667895,0.00047019424343290546,inf,N,-1,4,1,S
