name,u-g_is_valid,u-g_pos_gamma_alpha,u-g_pos_gamma_loc,u-g_pos_gamma_beta,u-g_neg_gamma_alpha,u-g_neg_gamma_loc,u-g_neg_gamma_beta,u-r_is_valid,u-r_pos_gamma_alpha,u-r_pos_gamma_loc,u-r_pos_gamma_beta,u-r_neg_gamma_alpha,u-r_neg_gamma_loc,u-r_neg_gamma_beta,u-i_is_valid,u-i_pos_gamma_alpha,u-i_pos_gamma_loc,u-i_pos_gamma_beta,u-i_neg_gamma_alpha,u-i_neg_gamma_loc,u-i_neg_gamma_beta,u-z_is_valid,u-z_pos_gamma_alpha,u-z_pos_gamma_loc,u-z_pos_gamma_beta,u-z_neg_gamma_alpha,u-z_neg_gamma_loc,u-z_neg_gamma_beta,g-r_is_valid,g-r_pos_gamma_alpha,g-r_pos_gamma_loc,g-r_pos_gamma_beta,g-r_neg_gamma_alpha,g-r_neg_gamma_loc,g-r_neg_gamma_beta,g-i_is_valid,g-i_pos_gamma_alpha,g-i_pos_gamma_loc,g-i_pos_gamma_beta,g-i_neg_gamma_alpha,g-i_neg_gamma_loc,g-i_neg_gamma_beta,g-z_is_valid,g-z_pos_gamma_alpha,g-z_pos_gamma_loc,g-z_pos_gamma_beta,g-z_neg_gamma_alpha,g-z_neg_gamma_loc,g-z_neg_gamma_beta,r-i_is_valid,r-i_pos_gamma_alpha,r-i_pos_gamma_loc,r-i_pos_gamma_beta,r-i_neg_gamma_alpha,r-i_neg_gamma_loc,r-i_neg_gamma_beta,r-z_is_valid,r-z_pos_gamma_alpha,r-z_pos_gamma_loc,r-z_pos_gamma_beta,r-z_neg_gamma_alpha,r-z_neg_gamma_loc,r-z_neg_gamma_beta,i-z_is_valid,i-z_pos_gamma_alpha,i-z_pos_gamma_loc,i-z_pos_gamma_beta,i-z_neg_gamma_alpha,i-z_neg_gamma_loc,i-z_neg_gamma_beta
IC750,1,28.210470328216353,-0.5202716114359076,0.017296947225349656,31.652851779951437,-0.6262567561824246,0.01872578664825227,1,31.193869725698118,-0.4098516756176599,0.013011253214757781,27.38043145567878,-0.650027168082102,0.02374258087780403,1,32.50346599656616,-0.34286471341234437,0.010914866720613016,27.64837736364449,-0.6541334705229702,0.02414070524958086,1,28.31572865338686,-0.31987746549189777,0.01190289995293968,27.300094495518902,-0.7088872261628787,0.026341602007561842,1,4.931358601255139,-0.029022813455146266,0.011631494521321005,18.434354410377708,-0.12279812328120769,0.008483360304659916,1,3.337511820774947,-0.029493000779176413,0.02208707732057393,18.004756950665556,-0.1677687983827974,0.011920119996905643,1,4.202735730119007,-0.044051380758271905,0.02225450313670658,23.181924468217975,-0.28471227635906277,0.0141698969625504,1,5.851323729353476,-0.020775715845557197,0.00626564881861276,25.3713798144099,-0.06356776042448613,0.0030282420114685045,1,7.9696359094404,-0.03644556327256715,0.007225891064451274,33.54567392074213,-0.18971993124814407,0.005959218148481616,1,29.7390876621395,-0.035033767315420974,0.0013547591519599256,39.2900118942874,-0.13865217082365794,0.0034506304287559913
NGC1309,1,20.706336445575978,-0.12678314631743054,0.008706842545824107,14.838635901125516,-0.10768814129738728,0.011599043934526173,1,18.76505291090295,-0.13387406749583047,0.01080624132861145,12.348837286089424,-0.09296460108512598,0.014368994399844867,1,19.845706275390405,-0.13841820086486473,0.010827314637737217,8.386299876405104,-0.05318146031254416,0.017665822808808553,1,16.990316290911267,-0.11525054587587762,0.011536566641470373,8.31011730147429,-0.055767943266429906,0.01829141236956602,1,24.744535802693683,-0.03891893693895036,0.002195268295214003,14.374333073189904,-0.028771532647277876,0.003396432841355266,1,15.742783985535667,-0.029691675398241513,0.00334410456361824,10.444705014536648,-0.01767101562955405,0.004616175798149097,1,9.651855196080875,-0.019312742266408518,0.004824818315150318,9.658196152257204,-0.020943533910193612,0.0054620473393431,1,48.438392343991914,-0.031279241975089064,0.0008016600568135723,18.112673787103184,-0.01516702015747784,0.0014167248337471929,1,21.55929736122379,-0.024405797246827694,0.0016818518762292285,17.816512958223463,-0.021948871753475624,0.0018920053684764351,1,36.95202730382217,-0.031640299117780976,0.0009726709690171737,29.47996627234524,-0.030970649898958303,0.0010935243754990158
NGC1324,1,15.198376910990453,-0.03027116522741884,0.00887134916232596,14.877229925731802,-0.05051296097954887,0.0096924075677784,1,18.246546765304522,-0.033793457616071484,0.008286450123793452,18.611856365781673,-0.07751680834098777,0.009220919381662555,1,16.392664115846653,-0.022748074127462315,0.008986783625844751,20.719124449139173,-0.09464885378757142,0.009034828663211725,1,11.988879870731212,0.0,0.010809407298469536,19.960081398459234,-0.09469004090203152,0.009275287116169675,1,54.5285795636129,-0.04258640377641203,0.0010165880581433915,37.13123407237151,-0.05470350642445619,0.0014845159772442316,1,20.456363900877356,-0.03243671882455483,0.00256384894993465,28.13586637722132,-0.07449021455404696,0.0026070597682181576,1,8.04309751027008,-0.01992050661069441,0.005589171221390654,25.1297968290253,-0.08823308169832982,0.003382252242913518,1,16.688420775036455,-0.015910177543161843,0.0013826225441528315,52.00801629189091,-0.044199034589185435,0.0008199178615283624,1,13.41045501308472,-0.02697331345525399,0.0029201363343832943,32.13326807084953,-0.06463397106322925,0.0018976531459112323,1,22.831978103175334,-0.027336293148689152,0.001417298459415745,30.054340167549878,-0.039433435664994396,0.0012422164228359201
NGC2268,1,21.726593426814585,-0.18190188355454046,0.010182163907242185,15.461661249152652,-0.09580957685780349,0.009149895255697257,1,23.11790445973388,-0.16018453772737268,0.009218797740506445,11.104046531705338,-0.09580957685780349,0.013110492869681533,1,31.080007653866137,-0.15536478644163348,0.006932055951748939,10.142146219576878,-0.09580957685780349,0.014505016355235004,1,29.625691973398297,-0.13997714901913555,0.006851605408655391,9.904244074719713,-0.09580957685780349,0.01491086673609658,1,20.35929485978006,-0.03245880283905536,0.0022629319416184643,17.901770891177133,-0.04560097431204384,0.0027767038570612654,1,9.736706877832422,-0.02998211941577281,0.005211601189695555,10.549200690004199,-0.050612086385278934,0.005332299945900831,1,9.682405756471255,-0.03727564179505953,0.0062959757942368,6.476632569698126,-0.045246756443278954,0.007944721041474345,1,10.79226765747922,-0.020800251789659264,0.002589730963054467,11.384180339738283,-0.025095849955752595,0.002339063777513687,1,7.7407809744077385,-0.024540175940787782,0.0044713615751321495,8.927640635554862,-0.03419395831973941,0.00406549730693418,1,19.250764243691368,-0.023725346662689373,0.0013842662592800285,22.133255782686312,-0.0297391632879816,0.001369343503429004
NGC2713,1,36.8543868342498,-0.09965364889403465,0.0036733155973032398,25.236696534665853,-0.08089100762070837,0.00529376870626302,1,51.90661297007465,-0.15532984363027363,0.0038653861958957802,13.395395925392831,-0.07523836988543812,0.011208244924191164,1,44.556849821924835,-0.15532984363027363,0.004548294135921612,7.21067725901987,-0.04719993030989515,0.017965439307517244,1,37.862881653735315,-0.15532984363027363,0.005474054608760864,4.9579305285620014,-0.03201888523888223,0.024472261357058014,1,62.78461158730478,-0.06817619473623897,0.0012385409306037338,4.083725853212861,-0.014855008393663837,0.0090724234398424,1,40.87083874023789,-0.0772322800525365,0.002173577857156649,3.07443681598915,-0.017460177204433065,0.0153189047726256,1,32.86048266979035,-0.09205825381742298,0.0032947704389935163,2.7188046691580694,-0.019194286376627043,0.020524073211985697,1,53.53041587387575,-0.03321520242120583,0.0006582006763069082,7.042661848236486,-0.016861133869082976,0.003450922427208795,1,30.524947726314494,-0.04909888713160486,0.0018254990704188268,4.094050637220396,-0.018071329010627926,0.007934368632047288,1,29.267931502658463,-0.028383684710399027,0.0011271554248648839,9.924306533038886,-0.01747683097889017,0.002463311969517247
NGC3003,1,17.803965150515015,-0.20319813387446545,0.010462363083823485,19.11115568165911,-0.1720875438404097,0.007743469443248002,1,19.008108007419175,-0.2741063214720231,0.01313245324395426,17.516960996325516,-0.23179860391479323,0.011400340689455899,1,10.559124005795379,-0.33981733336187764,0.027290059748867602,15.931946521787232,-0.32455353344273075,0.016875609571665617,1,14.887550404684555,-0.43028963111980306,0.023892569508035574,14.69341490594093,-0.3364974350913712,0.01817396704190453,1,41.38978806843892,-0.1166174159091266,0.0026349680761416656,42.46552788143498,-0.12193210439946672,0.0026829695323493568,1,14.978953120701084,-0.2074696986289067,0.011532052675977632,15.382232316983885,-0.1779586125281959,0.009515347257921846,1,26.05199644134802,-0.3197249410974508,0.01005925705363845,18.233165878768624,-0.21708656625146003,0.009418422688074213,1,19.029520302326453,-0.15261863311309837,0.006592055636751959,16.073905166678074,-0.11174129677384208,0.005483941353900459,1,32.93650958044712,-0.2648738755816425,0.006520706409224522,26.084746905946886,-0.17295543221783855,0.005198245417590183,1,24.260429471357675,-0.12475524246854412,0.0041971908479726955,21.3765514428402,-0.0998543146486606,0.004027157619201281
NGC3185,1,140.44981908088195,-0.1522560569068146,0.0011569962253686072,131.78857782677917,-0.2310335637585173,0.0018040155563076273,1,55.43926096750602,-0.11879271094100934,0.0023985575259865906,101.7133134628664,-0.2785414398839538,0.0028229691224235898,1,42.16680581965461,-0.11123322634980563,0.0029830466861555946,108.74186558353375,-0.49616747794608285,0.004622923818656809,1,30.267638285449333,-0.09306822220074489,0.003563326300347084,119.09541287170815,-0.6057322831101537,0.005132821442586909,1,10.435104228230976,-0.0195792947862469,0.0022536417783822083,181.2915211922212,-0.18899724456409617,0.0010528582135850323,1,7.846675913001811,-0.019226251253619608,0.002999323778293796,138.09262591639458,-0.40146288827621196,0.002905916861047483,1,6.532265362801613,-0.019500752431467174,0.0036805222727319246,137.31220022926107,-0.5035617744235105,0.0036588875467111442,1,99.7232712029645,-0.030047626369073478,0.00030502814769993095,184.70717936179085,-0.2550346264148221,0.0013696295210236817,1,24.38071335902064,-0.019593581149828416,0.0008284123813714334,217.14046508046385,-0.39310520596233395,0.0017964238413515784,1,51.44751665510999,-0.01718495740844791,0.00033855633616137684,325.85278772639845,-0.1641453851574462,0.0005007497696804437
NGC3370,1,14.88406851883399,-0.09872243288831999,0.011958773828277494,9.700465761827473,-0.054188158569155195,0.011769724748283876,1,18.79096075324328,-0.1725559326350568,0.014047628146574996,8.52635604754608,-0.057763863240663224,0.015437777767040936,1,17.93543102547246,-0.18937372786466217,0.01610113208878145,7.9166852589569086,-0.05510343494782326,0.01747755046870241,1,17.86405916393269,-0.21243781350128305,0.01724423768862582,6.431674703868198,-0.04714568934471346,0.02038811923473684,1,26.948072016166314,-0.08721188599706246,0.003686779755815167,10.895316264520977,-0.026007039885986894,0.003660977994937832,1,21.363978619590057,-0.1036700087340187,0.00579499965391242,7.520565855294223,-0.023346611593146927,0.006199505505699129,1,21.101411136983568,-0.13393784768252398,0.007121767323483939,8.292661274215247,-0.03527788383578427,0.007148283270557199,1,31.474434761511244,-0.03940352992184008,0.001505922183616478,19.310259285349655,-0.01773079552023921,0.001404823195058297,1,26.424611500876555,-0.06967136887034535,0.0027956188165624216,13.0294768692317,-0.027414682619856415,0.0028807463115626338,1,57.42750527547648,-0.05973650051187655,0.0009741630409168074,23.940078336439097,-0.029603080640955116,0.0012667590473653203
NGC3430,1,17.879515188739536,-0.10090411600653633,0.009350205771069812,16.07767091481632,-0.13353088375160144,0.012796381190196326,1,17.3671619501332,-0.12298525287163979,0.011474666681216794,13.982593894971261,-0.13749900730315506,0.016095313544122487,1,13.8663822568403,-0.11610534746132654,0.014098716180802311,14.95504357929762,-0.16072737242530283,0.016968741174303914,1,13.63086646716459,-0.12053277482476558,0.014390895780393702,8.065982594076516,-0.0888562220419397,0.022436676443271727,1,20.67762330932655,-0.049745111324639144,0.0028905267322180007,19.9031922512405,-0.05031263154174552,0.003299105710505939,1,13.900815840006011,-0.055532980997727896,0.004938759863099489,12.496807285743708,-0.0510882021698975,0.0057553877500584796,1,15.41433211318723,-0.06997378888618881,0.005146402848284221,6.409779371128864,-0.03805682383466563,0.009043887187329553,1,28.454048166541114,-0.03454032219346424,0.0013226947779349104,27.179093238181782,-0.03572836512214776,0.0015163872645296067,1,27.532214436384912,-0.05224614222763001,0.0018733184191418713,12.92233526838673,-0.039189422285124106,0.003385751522330117,1,57.03784685447039,-0.06088103722091302,0.00100136670367181,16.271823985459903,-0.039449363328736886,0.002367656610552414
NGC3726,1,48.64962001295798,-0.039974165281707066,0.0008646114577675832,71.1644739335826,-0.041809626425657664,0.0006347148601955813,1,29.436833715252067,-0.08015175503665874,0.0025536252191225794,38.12545999221852,-0.07926380497543373,0.0020162522509509953,1,25.630274562527248,-0.11566501507863548,0.004136820925476058,28.5420648820068,-0.11163831480217912,0.0036809467089556585,1,25.267877540623324,-0.12427866944639888,0.004212676829849691,25.58456084837265,-0.11969100199284889,0.0040673219187792025,1,48.467234464737004,-0.06790465866699551,0.0012551714916486075,81.51799242267552,-0.0732116788662726,0.0008275338206432387,1,32.328218537137815,-0.10147082220153707,0.002776051812388888,32.075851951970535,-0.09410332938908024,0.002624008609628339,1,23.54859619697239,-0.0988610448551384,0.00335217111906723,28.407287037308752,-0.10223688214436484,0.0029304805652550134,1,63.62998221881382,-0.058982433458461644,0.0008537860095456047,49.52744074272376,-0.05267788827149604,0.0009791471754624088,1,51.52210885027249,-0.06981803545584717,0.0011056589806937517,38.82509069402301,-0.06530978324573322,0.001341212239058803,1,194.21323610155457,-0.07499752326121327,0.00034395912633587494,54.01062902344433,-0.04195682121098884,0.000609194152001848
NGC3813,1,35.3162641679637,-0.3502969728292215,0.013603350286216113,12.281388415082601,-0.1390054089168149,0.022900167125431702,1,10.302792701179229,-0.1346423382150615,0.031306397336519416,8.6319454253961,-0.06730882297956335,0.03224471752279907,1,11.68030728014155,-0.16088014255007005,0.03171909038222777,7.496841331269063,-0.040829312055177355,0.03733356808101974,1,13.837633724300755,-0.20869347084405382,0.030197584996118815,7.646679781326174,-0.04334977765293073,0.03793972685565804,1,6.496411372940261,-0.03398858514874496,0.014125803339163788,7.061830385147475,-0.016822547621592705,0.01212262594344921,1,8.93269540137301,-0.05919962362443913,0.01552562330916642,5.352507433460606,-0.003748364667111908,0.018787914220519956,1,11.214255118851964,-0.09306341529104382,0.015347477269735073,4.675640609054365,-0.0034593243359898503,0.023094600215686528,1,24.22767870252376,-0.04139641183762048,0.0026046245952622863,11.644652104456071,-0.013890374870992237,0.0035998568045462168,1,34.07028472905766,-0.08920974013160425,0.0032426616606526563,11.02921024179249,-0.02402792718601307,0.005418817081595106,1,30.3939982852566,-0.06031332829398377,0.001969941488506727,25.63487833388255,-0.04049812642098037,0.0018805147509583504
NGC3877,1,23.066041171191575,-0.08887862192671106,0.004117250157146407,72.53397983151967,-0.14397108177806936,0.002206603736194321,1,30.3707508926189,-0.20581020453608817,0.0064772071598091915,41.78737837561951,-0.22702220329261735,0.005449613737546218,1,32.44213609368319,-0.2982392992118048,0.008575037185922249,42.403532087671884,-0.34242122274233955,0.007806188635429204,1,35.843408802578416,-0.28341714357059355,0.007356535915898825,55.02391994483913,-0.37722208798804574,0.006568356868960279,1,61.89089336187511,-0.14942928715029746,0.0021690862862424774,67.02505410417353,-0.20021687335959581,0.002757731040579367,1,49.65493463054374,-0.2418583818260141,0.004344413458667114,52.79364498259173,-0.31218902984239383,0.005392601862583395,1,56.862762561596,-0.22703622618480285,0.0035385612313601073,69.12204324860888,-0.35185735081712277,0.004629049159988709,1,48.81591866475163,-0.10492909467571664,0.001925086751086532,45.89865354311566,-0.1278990194497222,0.002522620819895284,1,59.01459022078495,-0.09376930903184603,0.0014086016485127194,73.72300644197615,-0.17056031021871193,0.0020896068165575585,1,21.763595923421313,-0.03555719721287427,0.0016481721950099108,58.89273038729614,-0.06853168002092606,0.0010890577936426898
NGC3917,1,12.541633185232463,-0.21002288016576726,0.028505244585604113,16.25097288461179,-0.39755915856471696,0.030894577211138006,1,14.131466648868225,-0.20805227631950252,0.027403431848555634,16.43305323145396,-0.40229541960460496,0.03157055475753054,1,14.692476081111666,-0.21803024787870096,0.027545305484589028,16.0624028729666,-0.4030846734001697,0.032208670954659686,1,12.575953518677286,-0.22439189099913004,0.03061311659993899,13.155933298003918,-0.34288089282730855,0.03319473425514584,1,11.348465613923674,-0.06212487673665036,0.008269297855755305,25.620063489429445,-0.14837182152156952,0.006259517307017229,1,10.731630283411086,-0.07464761503123056,0.010608515653538528,15.817209888617555,-0.16248865072781699,0.01088971123492066,1,9.866987868876064,-0.14037370027717397,0.015556064470564254,13.70623214886593,-0.22743899051701588,0.015814559907207936,1,15.592273632083824,-0.0670731896179628,0.004781424349313559,18.321822444085296,-0.09705057086218387,0.005174668587444802,1,12.56305620309765,-0.14797362696956146,0.010297849375880234,9.524923390480616,-0.16556343159703463,0.01500117694865305,1,14.751468860905073,-0.15128026760456315,0.008487223550963388,11.365233443489139,-0.1583558079761958,0.012135135636582101
NGC4096,1,32.41995759047941,-0.17945513209516079,0.00777792195331656,20.014136461614246,-0.14472102644181722,0.010527576166159893,1,23.90515210247259,-0.17418647817849447,0.010998471762803625,11.713662420756075,-0.09548765935690522,0.015223248130924627,1,20.834649041674663,-0.195647107226319,0.013385415414770296,13.324518015472622,-0.12532398283568308,0.015522309022230774,1,15.280928975261112,-0.1886362620102479,0.01707743102067854,15.124581047395132,-0.15499396995113063,0.015362371809629594,1,19.696912997890326,-0.057216647123813594,0.003718630506430824,14.203997906604029,-0.04324089671254376,0.0042307741627454565,1,22.021567661673686,-0.10998519994067006,0.0054725330746744905,14.656956525115099,-0.07110911480675784,0.005910715398065697,1,16.151417606405193,-0.13967169232735727,0.008623990565098124,11.556269546503808,-0.08976579015777157,0.00875212695211462,1,32.23056899171474,-0.07145304317292227,0.0020462780598518877,39.03401869847973,-0.05771790793422381,0.0014446086514026382,1,30.218717847760352,-0.13023532978533164,0.0037666858219913973,16.815177291006233,-0.07491602102791504,0.004129552558017569,1,26.360952827559988,-0.07599223263837439,0.002468865838929463,20.580075453578747,-0.05909702345753515,0.0026700187651180914
NGC4162,1,47.47857545033578,-0.05382934682061351,0.0014934756283938714,22.162813043605627,-0.017150113086706865,0.0014417091386476767,1,23.917530281652894,-0.04862404319280937,0.00282168375017667,51.4729453090724,-0.03898487002996599,0.0010489957994381275,1,20.8896122621164,-0.04501719002134964,0.002938988897632836,88.66056211065299,-0.08115653717410544,0.0010512395317725707,1,35.804297310391476,-0.09094608650136786,0.00296350067963293,109.28509788734827,-0.12637980068282592,0.0012444538914584981,1,108.05432196279688,-0.07519514251555486,0.0007124199752419489,377.74394947805143,-0.042526289682869436,0.00011312982275289256,1,98.73515874172485,-0.07830647052383237,0.0007859902340804126,118.48780295280733,-0.08569546162366416,0.0006999893083180007,1,45.615331144829845,-0.07526282956698549,0.0016078816519066897,120.96515099844395,-0.131493888880443,0.0010442026937756321,1,239.07829417527034,-0.08204308165137712,0.00033276365414682815,110.2622728408395,-0.06231378940689998,0.0005382684858528352,1,96.3737519137295,-0.06778933211329503,0.0006649698741118853,123.80509204728139,-0.10869077862928837,0.0008343857930123388,1,210.35665818630588,-0.09471499564158763,0.0004444728342169767,248.6986748530302,-0.05887698922238839,0.00022698353053736747
NGC4178,1,17.753724775474772,-0.22647395248382135,0.01501291776318402,15.869714775899748,-0.20244881061359127,0.015048479162746934,1,10.848587748478819,-0.2365460767210283,0.022811489769227408,9.97129080926985,-0.2128391831212944,0.022217144814540065,1,8.18731750541452,-0.2271276396598827,0.02877410244989575,12.287763908633515,-0.25162428764153705,0.020855468662912283,1,7.197829303078089,-0.2831338525859194,0.035132892736848186,7.946770080793015,-0.29212025751655685,0.03217204770527575,1,40.52668816032792,-0.22486716541827279,0.004829713170671951,42.53423313917171,-0.26097352634630494,0.005485033498754204,1,10.7780560539361,-0.146619845281717,0.010671095063554617,11.407971990178673,-0.15856668102767768,0.011118821743149427,1,12.50716810894516,-0.2602844562320916,0.015188882828952012,11.504946974152464,-0.267156722277378,0.01689134855026091,1,10.14444699925079,-0.07158584348526582,0.0068130421310444705,10.809406222336666,-0.08155776148042314,0.0071702477085513975,1,12.865720448786355,-0.17390137349094204,0.010315917757000984,11.777394597584957,-0.1819965115587603,0.011619351824744778,1,20.573686976360886,-0.19246376825694977,0.007473400740476933,15.920578379122572,-0.17591252303436894,0.008467867244351904
NGC4192,1,46.430778030453645,-0.09884786358890928,0.0028039209123697454,9.239188386734401,-0.015562192581952749,0.007033924856104191,1,54.70873754760567,-0.1637113294021555,0.0036217711986021605,7.572589926489112,-0.011884644026136997,0.009695160265925087,1,41.937734291690155,-0.1713272695536716,0.004971934838774375,6.721568701374838,-0.0103527693297313,0.011488828697533204,1,50.35227152120571,-0.23536908661809886,0.005384513635562094,6.6926461939029585,-0.010834831853833144,0.011862808568444341,1,165.0323350061874,-0.16549817914915982,0.0010215514056333805,13.275943812204076,-0.013201480913513853,0.0019063613065178652,1,100.6474882504453,-0.18085115870470786,0.0018549415258363377,8.357894981201245,-0.01289329433583672,0.0036298508417981798,1,71.11240524686443,-0.20830819352458668,0.0029913379085858864,7.385007267769434,-0.012187186467735788,0.004241075171782942,1,62.39274429187495,-0.05482066130388867,0.0009227655239101948,20.659499617043767,-0.012766467128174853,0.0008762951951169038,1,61.843571347217505,-0.1119804395029921,0.001832084442157636,16.58309591898721,-0.013346356233490357,0.0012284965457882377,1,114.15819593158173,-0.10582360047816135,0.0009144555322128559,161.36716182592292,-0.01658184686562431,0.00011322262448312817
NGC4220,1,20.355224418671153,-0.10885899166836592,0.008302853547932143,10.845930722679617,-0.033158201002831095,0.010282002269585463,1,29.743221412084395,-0.16744850947244944,0.008264654733928994,6.257633970591589,-0.000857644932154903,0.020412823709107793,1,39.983445256424744,-0.2260358531241355,0.007843921780948317,5.578917685065162,0.0,0.026958749245692828,1,46.770588154134884,-0.2888608400909463,0.008009285957251927,5.186174883682887,0.0,0.0303859337198218,1,55.15707516677842,-0.10316528772504112,0.002200747191835013,3.9666911389339927,-0.0061930983753302055,0.013792792859632984,1,50.98987708265522,-0.16175263137672719,0.003710468637823425,2.8646969395054516,-0.0013702422265989955,0.025626166888626522,1,60.465074411248935,-0.224577618343538,0.004137402293616021,2.703001762103964,-0.0030737137871769144,0.030447925677481204,1,49.98091419943035,-0.07108734365168605,0.0016068045726034068,5.246761785947494,-0.013205479559100172,0.007000086881368673,1,64.44229515682134,-0.1339123306184969,0.002192373175502727,4.453312073820148,-0.016765599226297664,0.01066038727326619,1,105.74657504003872,-0.09514962461988867,0.0008822662616624152,16.57077848447728,-0.02181738524469778,0.0017502803874197487
NGC4274,1,8.053873920848526,-0.04967402773353362,0.011629485662068405,8.224082658038121,-0.0226391969919782,0.008702528133449825,1,5.4746969466471,-0.03921001224485403,0.01819448295148528,6.680342955281718,-0.015644176519427882,0.01318831857212526,1,6.784798886377214,-0.05463621495201369,0.018142434234423525,6.176136219427082,-0.009494329335824996,0.015185799679098425,1,7.446931987888392,-0.06657528453799415,0.018418890537576827,5.560761275150637,-0.005953924982795646,0.017155845232929436,1,13.523418776579756,-0.033273146228314496,0.003673925322548091,8.095642199963798,-0.00958313796354851,0.004089896512244741,1,15.328649742017369,-0.05116463244036999,0.004934081135525382,6.537304219192745,-0.005043950636267857,0.006181152605601273,1,17.2895078319734,-0.07250684313813154,0.005732227957899028,6.05553973277416,-0.0063688222118553125,0.007742223715856587,1,39.85364122142293,-0.03386926887337187,0.0010520131212814854,21.81518715980952,-0.010105035900084103,0.0010058111936736866,1,26.50848674158399,-0.05260118172692378,0.002368707610935024,13.618645618863008,-0.01246993672766861,0.002163009291609998,1,54.04309943769209,-0.0418192545903963,0.0008132702046613025,32.74439538183136,-0.01696398627962308,0.0006753639140220803
NGC4579,1,43.53955941001186,-0.025078918304602616,0.000694248645046618,11.08404889687112,-0.01720182788262099,0.002494215107770215,1,9.188627133661006,-0.019375412720693347,0.0034182679282501586,5.41500001867402,-0.016063317237536803,0.006492874591696777,1,17.189987328327557,-0.029737353916473076,0.00230777339409935,5.995326954398531,-0.016660407209155074,0.005751799348302278,1,19.688494140032404,-0.035612198364531264,0.002293500187854615,6.189625117907195,-0.016755890293273713,0.005611677310970945,1,7.4326913693273005,-0.014860143717796592,0.0029256641410887884,7.324256833489512,-0.013510391063403822,0.0030258108138154654,1,13.754797651408266,-0.020272778266200487,0.0018217394805990746,9.606647598148674,-0.014655780482159809,0.0022937363305801906,1,19.729076545284812,-0.02899157568842985,0.001692252571187466,10.935959502028664,-0.015814948597094862,0.0021350721722997166,1,129.8652669234824,-0.04704588742904141,0.00034609217124483726,290.788540927631,-0.046714244582438155,0.00015627216980331968,1,84.05242170612752,-0.057060888032803445,0.0006492433751981175,190.23981801493602,-0.062353478466148735,0.00032188933343015307,1,143.19276302628816,-0.026519956046793736,0.00018248185630343586,312.13943681923257,-0.036353041351021506,0.00011695997086216485
NGC4586,1,79.99033761570797,-0.4370063567524149,0.0066556709366793025,75.87813569305777,-0.3062680000860826,0.00559818797747519,1,117.70091119599184,-0.5944114269883648,0.006014790192890192,18.77993503062243,-0.11444004621526453,0.015076329571469349,1,119.45080748987633,-0.6124772130559423,0.006150061354164784,7.0202672232818495,-0.01947320955290574,0.02935796177324939,1,114.63997750840457,-0.6124772130559423,0.006420454789033226,6.375847168744489,-0.019687385500977116,0.033187812034932755,1,93.4749553920156,-0.18330991542889047,0.002155248594876648,2.270462642594668,-0.015808890302191042,0.029064238185366482,1,71.11995958655446,-0.22445974971675647,0.003532472803091387,1.8084239942624334,-0.012485262479375474,0.04456959377738319,1,44.11292840947428,-0.19601591510763344,0.0050823306049303085,1.8352480366694637,-0.017066348689202752,0.049294325277213204,1,86.30391265734409,-0.08503761828726801,0.0010851807044126582,3.9075986617309857,-0.014377109287142212,0.008269066419898278,1,48.81296890101196,-0.08818610605748849,0.0020120641799454475,3.3334683821310165,-0.018855464872446173,0.012622304552095238,1,102.56470156335415,-0.058368094839614845,0.0005828427487201428,12.944509322465073,-0.021917912840950838,0.0021015410345693315
NGC4602,1,24.91669759345752,-0.12274283087387815,0.00667921696352795,18.63853390966184,-0.11602814731563858,0.008333665512869147,1,23.716826469339104,-0.13037459096076237,0.007664659419258045,20.854638776494564,-0.15823549149620958,0.009199170551801597,1,24.642961363618667,-0.16989719791694197,0.008819704855581227,20.447259815787536,-0.22229517212042738,0.011852652103727311,1,24.935147624909384,-0.1706692041745811,0.009030461962715841,16.340973058025053,-0.21815000936505163,0.014412011872685883,1,89.67220613943033,-0.0915212343465125,0.0011067737338492757,23.08319566851902,-0.07256413633369542,0.002897123290954302,1,20.952549402397022,-0.08052097095017595,0.004022719099316867,16.23623945224559,-0.14630947964047675,0.007826282990411017,1,17.81289203371814,-0.07969120637519188,0.005081527795895251,18.621832112321673,-0.18791727444117448,0.008912893310430282,1,41.24632271232355,-0.07600937828290248,0.0017467986281035363,25.407080295792124,-0.10687075716565857,0.0036729901123963775,1,22.19733589360117,-0.0646379602613442,0.0030516207954204184,21.636087414450312,-0.13983913310519075,0.005712009370793957,1,19.54816726286655,-0.03538919960643032,0.002171530913604772,23.851506330288554,-0.06276319630599919,0.0025180967139819418
NGC470,1,39.959431035708015,-0.2387226908045792,0.00602493350805818,59.90455338198002,-0.15172959357573518,0.002658924870039442,1,42.861582545486144,-0.4171910980084592,0.009658125437640318,44.812409583773935,-0.1623158176815312,0.003780265956729444,1,43.00874818994594,-0.5731095300093738,0.013142773023629671,44.67551663398175,-0.15852469774321382,0.0037644809749439036,1,42.68239025057069,-0.6331086258497395,0.014512917368539461,21.321454350996415,-0.11048515191223245,0.0055650767811566615,1,50.81643317425331,-0.19096840720388003,0.0036545191008052593,33.687046345543585,-0.06511888915034038,0.0019192476524645548,1,52.720732970132765,-0.3633278620022937,0.006704047978214875,18.13029841221456,-0.05717316635233986,0.003269471160132048,1,45.486494820274565,-0.4233269578426594,0.00896165141316,11.45626987393383,-0.0573413601019299,0.005059205669602507,1,67.6067274662564,-0.19079025013150924,0.002753623787430546,22.64002292862999,-0.04025421002911292,0.0018914572714118245,1,45.74857328190444,-0.25354947853529003,0.005314163816959495,6.833842184690039,-0.03321465312626211,0.005018849152393978,1,60.04568495508093,-0.10412783298753002,0.0016374286433421465,16.311188656780622,-0.03233445683455598,0.0018913030466066465
NGC4771,1,21.598548308702988,-0.4984490425754193,0.021388278128850344,17.75638321234786,-0.48420374729558074,0.02510032718786013,1,19.365467440076028,-0.5342427690956789,0.027057372645741793,22.703426571631965,-0.4230861540937124,0.019790336122103964,1,17.9793788582027,-0.5717397244031712,0.031152785804871453,19.46053640138125,-0.36266310644562094,0.02090717226602186,1,19.515933593025384,-0.6207782305937988,0.031236301342216867,19.182740216614857,-0.3316913686462233,0.020351363256131388,1,20.2741745762693,-0.1533219682715011,0.008856151043533524,22.874638945555297,-0.23706615551965454,0.013193701728494815,1,24.176272503827178,-0.22640810072009027,0.010393223311030882,7.469792690636438,-0.021573996715151273,0.01396135080505619,1,26.335075931955366,-0.312799537929868,0.012839156988406202,14.636829803187402,-0.13082664638884683,0.015580075344041756,1,32.203435871306276,-0.1583861679340497,0.0048758238947903525,36.93696690141259,-0.22563725579041516,0.00659546973755319,1,27.698695859600605,-0.22835759688229668,0.00821154361340296,41.39543267674883,-0.2546624965803087,0.006936604714106742,1,17.449245074040263,-0.13707876108760703,0.007882180491224222,18.787951858590052,-0.1267963426150075,0.00752068181467394
NGC4800,1,21.161832534082833,-0.1550184854935473,0.009374836531831934,7.6700908774897805,-0.022713739569942343,0.009248664693896787,1,17.351064811582322,-0.15578909665342705,0.01160497054270638,6.767477249228265,-0.020048300886657672,0.012252675992410254,1,16.300614987321342,-0.15578909665342705,0.012748211849041978,4.2093925257095695,-0.005255786679239809,0.021296050989077053,1,16.01810460629302,-0.15578909665342705,0.013433122062672333,4.514970187653008,-0.006794301830367295,0.022736012271980018,1,13.901421555928321,-0.03222559265328977,0.0024763551451831315,9.636704140818365,-0.01473171381321076,0.003048631502054467,1,5.372656374356409,-0.028127290597912,0.006844221793255675,4.0368612602053044,-0.013461996753099824,0.012293037983725457,1,4.8541293366194305,-0.030453223931198266,0.009572684042168194,4.331054489543742,-0.01604304188207238,0.014702377601543096,1,8.391713422417473,-0.020880193822849325,0.0032562230801271358,4.737095255619185,-0.014335011694616146,0.007568194390698818,1,6.840187724061754,-0.026989536996375896,0.005965347298704271,4.860965564354854,-0.01604304188207238,0.010086422514735707,1,21.623044394041898,-0.033620963361281106,0.0018956823967638274,13.563760394057386,-0.01604304188207238,0.0020284571287879083
NGC4845,1,16.07592536635577,0.0,0.017379181761937503,44.8011177039111,-0.33072717361114284,0.012504480672223059,1,16.853859465897553,0.0,0.021325068483738767,46.76951591789804,-0.35345025513139866,0.013109396417109622,1,15.076636696651002,0.0,0.025596224307511153,50.21078835095579,-0.3657324968659334,0.012676694765175339,1,14.130567449568984,0.0,0.027675001522668562,63.014640034109604,-0.44322393942360566,0.011296740127383721,1,6.149874577128757,-0.015507751786596365,0.015533817638201854,39.03062768099557,-0.09218264639989997,0.003135101486485246,1,4.545158644754519,-0.010722584435908768,0.0257947278316256,46.980531269062666,-0.16382863120298058,0.004365966706396164,1,4.055053612015241,-0.011855169454719839,0.03046376892242413,65.90501864956519,-0.2544570951930963,0.004454981390798688,1,5.021618079259406,-0.011287801606446326,0.007524082551649851,63.4941041960095,-0.08985024143049751,0.0015899856280223233,1,4.492641461082509,-0.017195470399075524,0.010873166527899042,86.5353840353759,-0.18047870542061323,0.0021892190289799066,1,15.260028143661563,-0.021745733564163754,0.0017630527482348183,179.53776103100483,-0.16203436003104738,0.0008905986762742389
NGC5443,1,10.025991263812651,-0.02479846017628552,0.010150219331370358,17.889959369876664,-0.05149834559677162,0.006636385571345223,1,9.066243148003792,-0.013528119526316607,0.011909209327276736,30.957210140214006,-0.09220302731384859,0.00550682993869099,1,8.373602501595785,-0.011113544147851557,0.013585376606550206,23.03978398003113,-0.0747841376648714,0.006887914163685707,1,7.217690416598421,-0.006392080357264886,0.0158635832949743,27.599167187599498,-0.09563657037747013,0.006680696661912002,1,21.694020141096914,-0.023174155008305043,0.0018738008222243046,125.01092400405078,-0.09566126732785123,0.0008535894750413459,1,10.740465917663274,-0.020253486753834555,0.004276437943195815,109.24724376276062,-0.1260555986080209,0.0013065885032304257,1,16.26720452408816,-0.04675302630187202,0.004788273780199742,71.4688979389419,-0.13060380478838612,0.002128514364460974,1,41.12215701759605,-0.0392184923863098,0.0011531453425618736,69.26972514775454,-0.04698775577095686,0.0007597346184572914,1,37.771945465682485,-0.06571803193434726,0.0021015787189198713,24.209338923167298,-0.04744253746053488,0.0023922407408142835,1,45.10069466263393,-0.03899953954803746,0.0009858139271361884,28.173627868331685,-0.03335243271259873,0.00135536714958722
NGC5522,1,10.047328301164505,-0.04744803636486812,0.018728710542241456,10.875759394985161,-0.0749157123719774,0.02041802008929068,1,7.544300524637166,-0.02860638503840573,0.026743287495684456,14.382455582429467,-0.1333182498511229,0.020909865596025045,1,6.506365766035934,-0.020892826123990717,0.03378280690334957,16.20687521340009,-0.16351066488868665,0.021494377295543234,1,5.926236311509027,-0.019117822145372637,0.03822797935848718,17.805481572475358,-0.1965645533390608,0.021495326156537205,1,5.3423656874157235,-0.014144287287537801,0.008717455102809092,29.86751669986772,-0.1066965447188754,0.004251031241462187,1,3.383792174306894,-0.008353791936362947,0.019663972723751866,25.972733182867433,-0.12192001971035253,0.006145686819916399,1,3.1186300429588147,-0.011515106465709362,0.02508147985565388,24.956497961010466,-0.14974785261988416,0.007564048926623895,1,4.926876547349832,-0.010654691089882299,0.007390514068436449,31.302243231930778,-0.042692415037563755,0.0019206763235383821,1,3.892879257897324,-0.013978494454641104,0.012395888918324221,34.76523333051813,-0.07574630348793791,0.002718216204871999,1,14.02293377715343,-0.025349498671243333,0.002415275167195784,30.023803282845712,-0.045553888450374155,0.0015613592559989061
NGC5533,1,42.25128315543607,-0.0984817950505648,0.0025635052429485577,27.839828440820693,-0.056260128888924774,0.0024190569772388356,1,17.318902816006116,-0.02522924343290352,0.0025497246148171197,32.86722766115617,-0.05955257256036599,0.0021847356130772298,1,25.797126453176684,-0.04319991597466431,0.0023622952689421766,17.041869855893825,-0.053335783679916135,0.0036902747628350598,1,50.40606745907018,-0.10243681160075195,0.0023143677253315916,18.49874087420409,-0.07711044867534354,0.004423149061072751,1,9.37832414296927,-0.014723294368800197,0.0025402078819863417,152.82255219236893,-0.07211314398694983,0.0004795154301755814,1,23.09395479420804,-0.020009519668829096,0.0012089935602588914,32.5745874227783,-0.04244985352230672,0.0012561095312147647,1,38.12719505981762,-0.026143482191365686,0.0008008786219696056,47.499352662765425,-0.09117966092476419,0.0017854116630664936,1,176.35616984728478,-0.08440281151278888,0.00047185270582896644,96.98345821506197,-0.05401455311731988,0.0005291038534660134,1,88.56684920831546,-0.11499278953131913,0.0012452172028908398,47.23035264208761,-0.07965690436482846,0.0015268891670291457,1,107.18509621474017,-0.07291359424252612,0.0006474262465830766,71.15271460364137,-0.06122980740245747,0.000792501717034752
NGC5559,1,8.631479461850613,-0.0447667387061227,0.02731056817013922,17.125588624127396,-0.17407641366259557,0.018741852576468414,1,8.584393202731425,-0.02202166064223794,0.02917930944546002,21.328745897352242,-0.2540541833079822,0.01877518671527629,1,8.280088836297518,0.0,0.030995177723472368,21.60053768890084,-0.2574384783731885,0.019230304612636553,1,8.236271381470644,-0.0009305565131710845,0.03273166043621662,23.000399253657363,-0.28348552946026867,0.019177324059267274,1,7.369186554809857,-0.019450796010527124,0.007728387802750838,30.90153547598348,-0.15502424052651054,0.005000800052413483,1,4.430480748771428,0.0,0.014824340568343237,25.891513715260878,-0.17245077711424933,0.0070875877207269245,1,3.5811763924369053,0.0,0.021694662185260827,21.74648308294403,-0.18707272092427724,0.009095008929650998,1,8.707120177681078,-0.009241119549311238,0.004297510406556945,35.52792833907555,-0.051690988607207486,0.0017800200976332721,1,5.434305704295334,-0.012286753848377893,0.009656804988130785,24.422241968318232,-0.0769827160586402,0.00361090080817307,1,9.158111318945858,-0.02644111571879443,0.004198963185533155,27.513267290618543,-0.05796360349540984,0.0020941803176387198
NGC5587,1,18.06402969685063,-0.04117545389421566,0.005260752685915336,16.376555189836196,-0.04035803465484904,0.00536519734296994,1,19.128394949550728,-0.042268433026583827,0.005654616217259208,12.298276900715077,-0.03193679813413951,0.006957303515316039,1,16.494369266120586,-0.03456823633613708,0.006443684916858566,11.762444894526745,-0.03421160049261708,0.007665149982251429,1,21.751121755010704,-0.049344178567564054,0.005395315564585038,12.24242985879964,-0.04027019750005442,0.007404145822928261,1,23.85071707244364,-0.024162918809059675,0.001517911562676955,9.004991597425233,-0.01700554374098089,0.0025681506455228795,1,11.42309549799691,-0.016927406092611393,0.0030454747895459445,6.408261429770453,-0.019009730389859588,0.004284097759738292,1,47.5302626731223,-0.05488131343815081,0.0014524717072450274,10.117899435505496,-0.03177553581333521,0.0034240959498539254,1,25.35812420947925,-0.015292338819186287,0.0008326058148681439,20.041911543745474,-0.017379637984510334,0.0009830846096624726,1,96.3285524964499,-0.06933891773241553,0.0007417697432357186,49.90692487510404,-0.05051586324318795,0.0009470500292976239,1,77.64949862555453,-0.07606360517217488,0.0009318451699021246,59.83587429221491,-0.05734168219048967,0.0008651484986623833
NGC5616,1,19.321782155133253,-0.2103008291485436,0.01675057284306071,9.684594130941178,-0.08315570267474313,0.01830738555373511,1,19.584760625249963,-0.2535419643407291,0.019832305633736568,7.805796073763108,-0.05019817744690133,0.022168675695281723,1,21.877728915256736,-0.2991772501554352,0.02004264792334149,7.20862394360792,-0.04126388586758507,0.024438131052298653,1,21.88041524208857,-0.2991772501554352,0.02006718305707899,7.182705713249371,-0.04787122966315929,0.026663293484315523,1,41.16869397404474,-0.11264225959321632,0.0032588151453585333,6.960767373625164,-0.02007191769151678,0.007006986919336524,1,41.0653818473131,-0.17002592866067595,0.004772540699754773,5.533655789246225,-0.02016505108178563,0.011009460682643996,1,27.662840106535594,-0.15830431579462073,0.0066824401491818565,4.472675298240488,-0.028660346086514635,0.01747495752399092,1,71.59410498557406,-0.08839508860277738,0.0012967053968207156,13.520651517585462,-0.020586573607538797,0.0024142327817761014,1,43.45881179263628,-0.1092094484463194,0.0026287304568077536,6.0355694852474295,-0.028728188945662838,0.008205615988936734,1,40.179914158938615,-0.07064844023129373,0.0017730032962885189,7.304506923809918,-0.0273878776901018,0.0049462377234481885
NGC5656,1,38.51356498612914,-0.1010245889504973,0.00343158804021189,29.941689750823407,-0.11777756370878782,0.0050421192204478625,1,23.94109976818325,-0.06531164382676373,0.004411845383100076,26.593145161592993,-0.12144152592287198,0.005962031336051614,1,19.09269332323122,-0.0572149513353432,0.005296561701159267,21.90666249158298,-0.11646656877819743,0.007024740113133296,1,21.975580888921872,-0.08117724854374224,0.005394352816893333,31.527890110458742,-0.19459148350063174,0.007048274779787451,1,26.772634833616387,-0.020112285803020397,0.001093914461353425,16.94932280509227,-0.023631922950685506,0.0016252894847573658,1,22.251647642907667,-0.024075720241508895,0.001655980612468909,57.40112847771162,-0.10040802914809015,0.001822926974048824,1,29.79319957179813,-0.04313953384219517,0.0016570298805496692,84.67900075231748,-0.23795938631364916,0.002744400947074098,1,65.80611922565022,-0.021635849462762067,0.00038345582447832653,103.19713223959086,-0.09300058591283324,0.0009042401373399493,1,69.678019039466,-0.061029525833362006,0.0008335990045283882,96.53578020963045,-0.22822664701682932,0.002265944885014948,1,119.92749736866324,-0.09249296048046045,0.0007166752713188608,104.19054550771065,-0.150051357165559,0.0013461400334899493
NGC5676,1,8.381239880388774,-0.018465464537280294,0.016409199289753578,18.738611188068806,-0.12573090160273054,0.012731510888469558,1,7.311033752419137,-0.011355553192105437,0.020289388728423587,21.68481460815353,-0.17175062140400005,0.013632875330264398,1,6.585652461869656,-0.007432949111830029,0.02339695912641921,19.33069275089633,-0.16918924831881627,0.015466657160337165,1,6.050350197990645,-0.003736326831295312,0.024965149494650268,20.10923461410152,-0.1773797521165525,0.0150677333008918,1,12.242552295083156,-0.019289965900185734,0.0030391414033192213,48.79500024171634,-0.0664879542983468,0.0015887647474168395,1,6.550243536832807,-0.016566365552653953,0.006740770279526143,23.339221160110704,-0.06468727992932226,0.0034979444141435188,1,7.646293223088734,-0.023321893813800145,0.0067443781856755675,18.024083393708043,-0.0649322059948209,0.004311626031578142,1,12.317439027319178,-0.016682649048335687,0.0021394941539285123,25.355484882271874,-0.03304504855223793,0.0015366002723039176,1,13.510250770096025,-0.022189090083515887,0.002407046943545441,40.86950859817951,-0.06653542769219177,0.0016706955688762792,1,89.81657220620573,-0.04394645620463615,0.000496642580607699,63.41470394015093,-0.08305318451961206,0.001243908154120496
NGC5690,1,125.6993946695426,-0.4865204684220669,0.004153584510315032,11.082950345359583,-0.03327614959306484,0.006429156110335513,1,108.6927345523233,-0.4865204684220669,0.004864609497108161,8.26296336821761,-0.02809381871528356,0.008475240410518703,1,98.23177099767423,-0.4865204684220669,0.005334438692588045,8.55917316665285,-0.04005249584929567,0.008879314324925596,1,87.4378179480633,-0.4995410535530683,0.006042590275474301,12.40324874172127,-0.08248607670673047,0.008591581314066683,1,67.21835332443075,-0.08674505038943607,0.0013893482343012636,26.63029109740171,-0.025550172859381427,0.0011081023014270339,1,61.53267126541039,-0.10758196671352598,0.0017793842824946184,21.93835777712657,-0.05111133451511023,0.002237202972631693,1,33.49604474103775,-0.10543400744447,0.002945460362932492,19.285423474042922,-0.09273696847352987,0.00408788241832769,1,134.91294757244876,-0.07877294343521916,0.0005487730870086764,41.90342322383809,-0.04616308954234653,0.0009587140423579119,1,161.99804736939285,-0.17867061624510844,0.0010200939669912366,24.920436441784663,-0.08831091710463763,0.0028270603667760377,1,134.7212823358023,-0.11239767280988926,0.0007698608139030678,32.62318564595224,-0.05930284416415586,0.0014539718786635587
NGC5750,1,35.10004554319983,-0.05615792679436886,0.002441162453559322,23.167372545150254,-0.05261387627881568,0.0037105379534194626,1,34.81843438928374,-0.12199332325344174,0.004126958420617476,30.834525325946213,-0.07972273013284363,0.0034081426690422403,1,9.902009766782998,-0.03689431027656147,0.006711222712093961,10.178605620626975,-0.024543902272780974,0.005854241558269582,1,21.497724649993277,-0.12199332325344174,0.006415052957269895,18.39515169509228,-0.06778402699275018,0.004953712510382222,1,57.49015033322201,-0.17778283102312026,0.0029562760103468352,116.90853074885914,-0.26126031578905634,0.002166450186704899,1,30.845658284400518,-0.08875394283676806,0.002878435534747728,97.84856773752227,-0.12806000264062184,0.001326075389416476,1,44.70625307177919,-0.1878184107539435,0.0038967064139193205,99.74401226958251,-0.250887141932382,0.002414960694983731,1,176.07850119790047,-0.35514941418227125,0.0020616303894919717,200.88624870742257,-0.22272772812130603,0.001156904029336237,1,76.48884033997011,-0.14559868273616233,0.0018278940196984898,197.83823456021858,-0.09341509838159105,0.0004619412085038776,1,96.3723758861995,-0.24024738893016756,0.0023513255029550405,120.85949057222392,-0.2028288107061103,0.0015813815045395555
NGC6118,1,16.14791762284842,-0.2720318832081798,0.028029498242971632,12.714716656615314,-0.20874455714004186,0.03110852552035265,1,12.623985254366923,-0.25550646635033974,0.03501596533770694,16.90326336901271,-0.23346042959926466,0.026014440539537748,1,10.805283343369828,-0.256622884311059,0.04029709722241411,17.775778238437518,-0.2312835032477027,0.024782087880567155,1,10.15585495141549,-0.2773080848341689,0.04327304896627871,18.07492828995366,-0.24558392108417088,0.02450967937469527,1,18.668567661358235,-0.12081770663052853,0.00679035088503951,13.986767885529762,-0.06744133405050427,0.006214324463206502,1,17.66530840038155,-0.17778240340128498,0.009962742969198867,13.339406610703183,-0.07632065718773205,0.00740411660102519,1,14.353680656323665,-0.21340874231734425,0.013584621626314132,15.159663508891708,-0.13571047267731878,0.00965362576539746,1,23.528811642276754,-0.09669505601460375,0.0037808607897099186,24.50789565180005,-0.06920632456115858,0.0029449778369904076,1,12.83217416617123,-0.1326714182349495,0.008440002205785677,15.599263940828303,-0.11370574245563046,0.006722368993725852,1,12.323785945182006,-0.09600696917487354,0.0064407986481066935,19.479586182911966,-0.11150942576498495,0.005118117276686136
NGC716,1,11.939016268315816,-0.13345268318928835,0.015603275270618356,12.337538599216815,-0.12775288949786529,0.013284576168943662,1,9.309683253542802,-0.16711256871855523,0.024732106111686556,15.347114407712384,-0.1640475424200935,0.014255358937308482,1,8.44809736240419,-0.20378958365369682,0.03171506034801105,13.2356584742136,-0.16478051656703663,0.017277453885708595,1,9.028591996972786,-0.23929656882198266,0.033495485040196005,14.270073534162057,-0.16095286692913952,0.01637327479450601,1,8.958459324327835,-0.07414085057459484,0.009425870988095738,20.908397089303982,-0.07570962886030778,0.004509892786645883,1,8.759670508025005,-0.12425617505485835,0.015475860061843134,11.644415774454849,-0.07189312675689084,0.00855732131988562,1,9.539665450817912,-0.16596538249134135,0.0184755753376287,10.470808185749904,-0.07644815553953115,0.010791625647015796,1,16.831930810592148,-0.07352155430548922,0.004427797606270913,21.8640065996738,-0.03592673882219315,0.00206245908639901,1,15.306930947025018,-0.12166870718551075,0.00794762200070882,11.932232657635605,-0.04048176760483345,0.004898132273439345,1,51.85098774668659,-0.09800328906003013,0.0018703877900967305,9.784172443500497,-0.023452145010491438,0.003296053009290589
NGC7448,1,6.54109853095669,-0.06336481950475031,0.018854242815750665,9.316424128363542,-0.10852541893858896,0.020363337130750777,1,5.871557925943611,-0.05634635966883446,0.02315888370407302,10.11235497152958,-0.13039411293714415,0.023202756572207866,1,5.265204622060149,-0.05741530635541922,0.02734728332813535,6.789916155561586,-0.09860895937164064,0.030645487759276144,1,6.69099694863565,-0.08221602305403883,0.024681347357033888,7.021444129651823,-0.12632123768926623,0.03250362476896938,1,11.959641412531996,-0.024384363316722626,0.0036835628107315128,10.427112361197432,-0.03743136096687476,0.005800617684971686,1,9.384878878067886,-0.03231161903884247,0.0062784736542048575,8.129619285122118,-0.04282819881982515,0.008747207334759153,1,18.391563224656327,-0.07351030098169886,0.005245582233749249,7.979194716273875,-0.07953897247738353,0.012564181880384027,1,14.346962591016103,-0.026654658400830384,0.0023416822140955103,18.016513301234607,-0.034273671568485334,0.002192688792170391,1,51.65430797985503,-0.0910545349693855,0.0018265458963548772,14.01903491855948,-0.07528008410967273,0.005202985393189565,1,96.06326567868905,-0.09374082671620314,0.0009378599265297916,28.80197614997765,-0.08250133576421552,0.002601597541471467
NGC7721,1,15.125034047192988,-0.2445531230776421,0.026795669516619405,19.578480670932695,-0.29881334142464605,0.02362502840255593,1,16.448434669062546,-0.2501082788728186,0.025803584245497644,20.454524380505056,-0.26435650600056465,0.022622033598314682,1,18.817043271175898,-0.2981618506493924,0.02521373528113166,20.856998455266638,-0.27059313258614165,0.023112606844345178,1,20.45663731061781,-0.2924520601422782,0.022815527080432045,20.73441045090609,-0.22702423742419858,0.021395977646255736,1,15.775753304295803,-0.08926899619083166,0.006519941985982155,8.155968620299433,-0.037473405278776906,0.008841502450982443,1,10.50999631918625,-0.1003355731898805,0.011026586133374794,6.849008007455568,-0.03455388650354847,0.012015103292694194,1,7.936607125994002,-0.1141711999144112,0.016091991149499798,5.859495263807997,-0.06534217632075727,0.02017615777209023,1,18.99682235438857,-0.06938816531055485,0.0037561003796409355,43.843614620209706,-0.07062339635144403,0.0019095924906619153,1,11.556846409947603,-0.09158077008087927,0.00792061938089669,9.289817973014904,-0.07046346292201204,0.009548709834637964,1,12.024902949671336,-0.08456863096693769,0.0068657049908462464,8.819931825593093,-0.07125952836047839,0.00866240264657253
NGC779,1,10.12011983207857,-0.041931194208851635,0.008930610590551794,10.16709430212539,-0.03742775250488882,0.010105950139233152,1,11.520950699597396,-0.05171134204222895,0.009423386887887526,10.045140109662102,-0.03260087349945448,0.011523262086506461,1,9.159534201072548,-0.04332013159980086,0.0113557682053057,9.652645673753048,-0.027745159130185038,0.012368729122168185,1,6.670305875397169,-0.03907827416162003,0.014857254460848138,8.009152636519392,-0.023850725570764775,0.014732386788541735,1,37.44368920484944,-0.07630074098858791,0.0022622802763999647,41.1405446001075,-0.06550790914219408,0.0020257248186394848,1,25.252594333221182,-0.07147759540476414,0.003315435824730605,28.328886818559823,-0.06110690528807952,0.003086330599417022,1,13.308724199360228,-0.04799219338885298,0.004475913311916114,20.02373866304376,-0.042187744148118336,0.0035463186315357197,1,56.969491738974334,-0.06573967960518166,0.0012213214375120472,69.49607335452563,-0.0635814013257637,0.0010371131732717523,1,7.678634391121334,-0.029163687416565814,0.004210750195170379,9.774819466580666,-0.021687852033012555,0.0033431975274620203,1,10.139271945587897,-0.029399443635776724,0.002833555081139315,10.53791294239819,-0.023850315575009676,0.0025002791460892668
NGC787,1,20.354813183765028,-0.04980196188162338,0.005285511597322597,39.523016820577176,-0.10637807454878483,0.0040327374942225915,1,12.509361404292537,-0.020782133156676253,0.007606154364988143,39.04142433239822,-0.11320709277337519,0.004513952159160799,1,9.397909624208205,-0.0125,0.009489199497027085,29.41302847879246,-0.09788335202160252,0.005460456105276759,1,9.777013801296205,-0.01869508438673369,0.009278999942867093,18.258139913297686,-0.07032614820778064,0.007062753610212732,1,31.624996344603858,-0.05425240735238561,0.002239834844874793,20.751627869829232,-0.03895727314368007,0.0023599799047621848,1,15.719045854036729,-0.04065021368594805,0.0037880933903693317,7.651247154213056,-0.023633532391907398,0.004358878149073423,1,12.352390695903317,-0.035120235285756404,0.003996183682607327,6.418483083818357,-0.030969010984552323,0.005700370105995692,1,35.40994635771308,-0.021086651529036816,0.0006608112274444264,48.210281266645495,-0.02606330744913681,0.0005344187338001356,1,75.66061587717077,-0.056217341746907,0.000712089989585591,24.496115320063478,-0.03925632501951508,0.001423037532936051,1,87.91823997939362,-0.06022853178601843,0.0006321295630668494,30.166351004923797,-0.03061535700583175,0.0008790176005058226
