name,paper_label,pos_label,neg_label,u-g_is_valid,u-g_pos_mean,u-g_neg_mean,u-g_mean_diff,u-g_mannwhitneyu_stat,u-g_mannwhitneyu_pval,u-g_wasserstein_distance,u-g_mean_wasserstein_distance,u-g_wasserstein_distance_confidence_interval_lower,u-g_wasserstein_distance_confidence_interval_lower,u-g_laplace_smoothed_kld,u-g_label,u-g_score,u-r_is_valid,u-r_pos_mean,u-r_neg_mean,u-r_mean_diff,u-r_mannwhitneyu_stat,u-r_mannwhitneyu_pval,u-r_wasserstein_distance,u-r_mean_wasserstein_distance,u-r_wasserstein_distance_confidence_interval_lower,u-r_wasserstein_distance_confidence_interval_lower,u-r_laplace_smoothed_kld,u-r_label,u-r_score,u-i_is_valid,u-i_pos_mean,u-i_neg_mean,u-i_mean_diff,u-i_mannwhitneyu_stat,u-i_mannwhitneyu_pval,u-i_wasserstein_distance,u-i_mean_wasserstein_distance,u-i_wasserstein_distance_confidence_interval_lower,u-i_wasserstein_distance_confidence_interval_lower,u-i_laplace_smoothed_kld,u-i_label,u-i_score,u-z_is_valid,u-z_pos_mean,u-z_neg_mean,u-z_mean_diff,u-z_mannwhitneyu_stat,u-z_mannwhitneyu_pval,u-z_wasserstein_distance,u-z_mean_wasserstein_distance,u-z_wasserstein_distance_confidence_interval_lower,u-z_wasserstein_distance_confidence_interval_lower,u-z_laplace_smoothed_kld,u-z_label,u-z_score,g-r_is_valid,g-r_pos_mean,g-r_neg_mean,g-r_mean_diff,g-r_mannwhitneyu_stat,g-r_mannwhitneyu_pval,g-r_wasserstein_distance,g-r_mean_wasserstein_distance,g-r_wasserstein_distance_confidence_interval_lower,g-r_wasserstein_distance_confidence_interval_lower,g-r_laplace_smoothed_kld,g-r_label,g-r_score,g-i_is_valid,g-i_pos_mean,g-i_neg_mean,g-i_mean_diff,g-i_mannwhitneyu_stat,g-i_mannwhitneyu_pval,g-i_wasserstein_distance,g-i_mean_wasserstein_distance,g-i_wasserstein_distance_confidence_interval_lower,g-i_wasserstein_distance_confidence_interval_lower,g-i_laplace_smoothed_kld,g-i_label,g-i_score,g-z_is_valid,g-z_pos_mean,g-z_neg_mean,g-z_mean_diff,g-z_mannwhitneyu_stat,g-z_mannwhitneyu_pval,g-z_wasserstein_distance,g-z_mean_wasserstein_distance,g-z_wasserstein_distance_confidence_interval_lower,g-z_wasserstein_distance_confidence_interval_lower,g-z_laplace_smoothed_kld,g-z_label,g-z_score,r-i_is_valid,r-i_pos_mean,r-i_neg_mean,r-i_mean_diff,r-i_mannwhitneyu_stat,r-i_mannwhitneyu_pval,r-i_wasserstein_distance,r-i_mean_wasserstein_distance,r-i_wasserstein_distance_confidence_interval_lower,r-i_wasserstein_distance_confidence_interval_lower,r-i_laplace_smoothed_kld,r-i_label,r-i_score,r-z_is_valid,r-z_pos_mean,r-z_neg_mean,r-z_mean_diff,r-z_mannwhitneyu_stat,r-z_mannwhitneyu_pval,r-z_wasserstein_distance,r-z_mean_wasserstein_distance,r-z_wasserstein_distance_confidence_interval_lower,r-z_wasserstein_distance_confidence_interval_lower,r-z_laplace_smoothed_kld,r-z_label,r-z_score,i-z_is_valid,i-z_pos_mean,i-z_neg_mean,i-z_mean_diff,i-z_mannwhitneyu_stat,i-z_mannwhitneyu_pval,i-z_wasserstein_distance,i-z_mean_wasserstein_distance,i-z_wasserstein_distance_confidence_interval_lower,i-z_wasserstein_distance_confidence_interval_lower,i-z_laplace_smoothed_kld,i-z_label,i-z_score,total,score,GOFHER_label
IC750,SE,NW,SE,1,-0.03231659496645692,-0.03353220694230194,0.0012156119758450212,1196920.0,1.939273850189026e-11,0.016817836212880882,0.017125383553960937,0.01473659932674573,0.019571891231988436,0.23308460258176242,SE,1,1,-0.003980337868434817,5.49402235210697e-05,-0.004035278091955886,981113.0,0.0037739769428176174,0.014361156176721205,0.014794666404933595,0.011377652803883047,0.018862741874947266,0.13650129930509303,NW,-1,1,0.011906285898152404,0.013317858041954992,-0.0014115721438025877,948672.0,1.4207532458164458e-05,0.01684514275120761,0.017443111106708067,0.013135373445569358,0.021758247167906856,0.1966333369547752,NW,-1,1,0.01716181976395342,0.010240997806909995,0.006920821957043424,1022990.0,0.3019632485967716,0.021431670860054552,0.021492807186103347,0.016808709994148817,0.026763671844576998,0.18731178029721485,SE,1,1,0.0283362570980221,0.033587147165823006,-0.005250890067800905,923005.0,4.1760373280287604e-08,0.007842544705729333,0.007805807560672069,0.005694896827361744,0.00995988275426898,0.13019804916282846,NW,-1,1,0.04422288086460933,0.04685006498425692,-0.002627184119647595,979722.0,0.0030925691857023076,0.00713538688044034,0.007658687020690104,0.006086305527384591,0.009738446298967479,0.21063517124484052,NW,-1,1,0.04947841473041034,0.04377320474921193,0.00570520998119841,1078808.0,0.14634604374593574,0.010586328691989343,0.0109784580510984,0.009049204731315362,0.013150264022048795,0.16700912539024018,SE,1,1,0.015886623766587216,0.013262917818433922,0.002623705948153294,1096593.0,0.024813728532116296,0.002801829378982097,0.002868850728333064,0.00207706869001193,0.0037704653253708403,0.11149421614752726,SE,1,1,0.021142157632388234,0.010186057583388928,0.010956100048999306,1266996.0,8.355225052353177e-23,0.010988087758911587,0.010997489365675076,0.009157700967743744,0.012868979704329183,0.21366552775339442,SE,1,1,0.005255533865801016,-0.0030768602350449946,0.00833239410084601,1434083.0,8.157548441433621e-67,0.008367384226421928,0.008415925178931293,0.007436250556344962,0.009419807475703913,0.26594727819826425,SE,1,2,1,SE
NGC1309,SW,E,W,1,0.053503664815058666,0.06442584844820494,-0.010922183633146273,1206014.0,2.4600426943142234e-10,0.010922183633146273,0.010953354448055586,0.00819666133745248,0.013607231698949904,0.09102317447336362,E,-1,1,0.06890562280354953,0.08447577272328842,-0.015570149919738888,1142844.0,7.127744912182609e-18,0.015570149919738888,0.015659455859816793,0.012279889167382698,0.018899035000453892,0.12279282014234424,E,-1,1,0.07645750518690314,0.09496942732556148,-0.018511922138658335,1109845.0,1.064869156541249e-22,0.01851192213865835,0.018453093071672384,0.015030461922099066,0.022061693359634756,0.18951589002598376,E,-1,1,0.08075937027387992,0.09623583913430156,-0.015476468860421644,1159618.0,1.180056740036497e-15,0.015476468860421633,0.01554392151102375,0.012388358274589607,0.018826353800417563,0.09116647490658462,E,-1,1,0.015401957988490868,0.02004992427508348,-0.004647966286592612,1062723.5,1.1899772126548477e-30,0.004647966286592618,0.004666342789069951,0.003893606614611005,0.005455365290370094,0.11133867528155225,E,-1,1,0.02295384037184446,0.030543578877356543,-0.007589738505512082,961690.0,6.420422671409735e-52,0.0075897385055120805,0.007552435172125035,0.006599643817068976,0.008497846252468591,0.18470235826496137,E,-1,1,0.027255705458821257,0.03180999068609662,-0.004554285227275363,1154025.5,2.236664455121304e-16,0.004703443752563971,0.004713945089427884,0.0036956436823498634,0.005814849645284516,0.0665512439279016,E,-1,1,0.0075518823833535965,0.01049365460227306,-0.002941772218919463,1028559.0,3.374923807236236e-37,0.002941772218919463,0.002940294634430839,0.0025636239280813545,0.0033270682005663585,0.27442885681085566,E,-1,1,0.011853747470330389,0.011760066411013135,9.36810593172542e-05,1415207.5,0.21792490399010978,0.0006486038616591007,0.0007369810867922817,0.0004900865070868958,0.0010309888888781018,0.026410061469081314,W,1,1,0.004301865086976796,0.0012664118087400771,0.003035453278236719,1773754.0,1.024035246678459e-45,0.003036262196997566,0.0030283631577376715,0.002634246756001549,0.003424720068571678,0.16097684224838088,W,1,-6,-1,E
NGC1324,SW,NE,SW,1,0.10455894305061053,0.09368321494019334,0.01087572811041719,1415987.0,1.5056358416503015e-20,0.010938896609884657,0.010987748795213383,0.008774915859269384,0.013203453872322135,0.09131218221807913,SW,1,1,0.1174056420860892,0.09410161875096806,0.023304023335121132,1630715.0,2.3235679590519834e-72,0.02330402333512113,0.02331427033166805,0.02082852822234679,0.025763862182801293,0.30337446049386757,SW,1,1,0.12456925133280121,0.09254488566216203,0.03202436567063918,1753946.0,7.095997218577459e-117,0.03202436567063917,0.03200244725365256,0.029268612354737735,0.03451703212332116,0.5320067482494788,SW,1,1,0.12959268557515646,0.09044544493079537,0.03914724064436109,1843408.0,5.871119225265276e-156,0.03914724064436112,0.03921660322281154,0.036540068798791035,0.04182258194799626,0.6954994467195225,SW,1,1,0.012846699035478635,0.00041840381077471204,0.012428295224703923,2156989.0,0.0,0.012428295224703925,0.01242717817783976,0.01189397585639657,0.012957775768506898,1.608598241419669,SW,1,1,0.020010308282190668,-0.0011383292780313033,0.02114863756022197,2223426.0,0.0,0.021148637560221967,0.02113711324789265,0.02030104051973657,0.02197627975780048,2.25304873468151,SW,1,1,0.02503374252454594,-0.0032377700093979807,0.02827151253394392,2211736.0,0.0,0.028271512533943922,0.028288478149033038,0.027114250651930627,0.02951857969150636,2.0678762990676867,SW,1,1,0.007163609246712031,-0.0015567330888060149,0.008720342335518046,2150971.0,0.0,0.008720342335518045,0.008715821783546029,0.00830477736239254,0.009124178557907927,1.4291523803402577,SW,1,1,0.012187043489067304,-0.003656173820172693,0.015843217309239998,2139576.0,0.0,0.015843217309239998,0.015849999844836253,0.015061880928885605,0.016694295006927325,1.4645514975892502,SW,1,1,0.005023434242355272,-0.0020994407313666783,0.007122874973721951,1903874.0,1.344320112020593e-185,0.007127182010751814,0.007136725966865985,0.00666760455206534,0.007634772344486461,0.6384780475187972,SW,1,10,1,SW
NGC2268,S,NW,SE,1,0.03932185186329631,0.04566300405101652,-0.00634115218772021,976273.0,0.010523119235494099,0.006346168597488149,0.006571358628552597,0.004581962844307347,0.008972193377212296,0.13479992734520774,NW,-1,1,0.05293474767126586,0.049769946020731294,0.0031648016505345655,1113650.0,0.0003004710947283698,0.008413552907068637,0.00853214751096044,0.0066432340589910625,0.010538971540380743,0.14963401974263818,SE,1,1,0.06008356559575184,0.05130241993434398,0.008781145661407863,1191967.0,9.74244993818917e-13,0.013659152092321717,0.013746208025219912,0.011509439727506073,0.01593323109511724,0.18670645184208615,SE,1,1,0.06300640234095885,0.05187128666211633,0.011135115678842518,1233538.0,2.214294950921896e-19,0.016439029416797517,0.016483713190217124,0.014198020047344969,0.018701695803144985,0.1911509437537146,SE,1,1,0.01361289580796956,0.004106941969714782,0.009505953838254777,1547241.0,4.797181750018695e-118,0.009505953838254776,0.009495311495987166,0.008696769871219954,0.010333534081340995,0.5317091237495586,SE,1,1,0.020761713732455535,0.005639415883327465,0.01512229784912807,1593292.0,9.027368011426406e-140,0.015122297849128071,0.015148045267966608,0.013686524071890799,0.016418893916360047,0.8156748162789088,SE,1,1,0.023684550477662537,0.006208282611099807,0.017476267866562728,1616388.0,2.2934322237167146e-151,0.01747626786656273,0.017477886033627647,0.015910570109436663,0.019095899106221493,0.8139152522824232,SE,1,1,0.007148817924485977,0.0015324739136126822,0.005616344010873295,1560241.0,5.445751083112602e-124,0.005616344010873296,0.0056487011787414955,0.004985845001818026,0.006335325948583724,0.5172665313580858,SE,1,1,0.010071654669692981,0.002101340641385025,0.007970314028307956,1563087.0,2.599186937694514e-125,0.008123550646206245,0.00820153952557789,0.007310299999126005,0.009238535951725647,0.5077638022142812,SE,1,1,0.0029228367452070023,0.0005688667277723432,0.002353970017434659,1326448.0,1.1895010907879756e-39,0.002592143922213219,0.0026261605373941203,0.0022449132016334693,0.002990713841404206,0.16035638005992836,SE,1,8,1,SE
NGC2713,N,NE,SW,1,0.03572414509326231,0.05270622674396214,-0.016982081650699823,788073.0,4.34186435482011e-74,0.01698208165069983,0.017004735082205145,0.01549123544384199,0.018577307586166453,0.3395444589667647,NE,1,1,0.04530926161995778,0.07490050850287708,-0.029591246882919295,715227.0,3.1992319794793864e-98,0.029591246882919277,0.029576041091976157,0.0270338480921815,0.032202158949002094,0.383334656348352,NE,1,1,0.04732781512992703,0.08234305435312113,-0.0350152392231941,710577.0,7.034226864467432e-100,0.03501523922319409,0.03503267859990888,0.032221499955286996,0.03772495961735652,0.372764391726472,NE,1,1,0.05193363818732333,0.08931288644622386,-0.03737924825890053,743865.0,2.5387085823762616e-88,0.03737924825890054,0.03737098359925295,0.034069230392173806,0.04040813713033263,0.2714405900700531,NE,1,1,0.009585116526695477,0.022194281758914927,-0.01260916523221945,745002.0,6.118204750461081e-88,0.01260916523221945,0.012640882659842326,0.011468963739824579,0.01388418040463407,0.5299512577772508,NE,1,1,0.011603670036664718,0.029636827609158985,-0.01803315757249427,764878.0,2.1310147849014004e-81,0.018033157572494265,0.01808422541731526,0.016431863115311817,0.019784787015397747,0.5294462355968771,NE,1,1,0.01620949309406101,0.03660665970226172,-0.02039716660820071,826207.0,7.81677492553341e-63,0.02039716660820071,0.02040871873167417,0.01811800907446515,0.02284910732195009,0.516112754647647,NE,1,1,0.00201855350996924,0.007442545850244057,-0.005423992340274816,811790.0,5.6115685638668e-67,0.005423992340274817,0.005419423173169605,0.004865312067891483,0.005999864311964553,0.304137417438131,NE,1,1,0.00662437656736553,0.01441237794334679,-0.00778800137598126,914633.0,2.251282963353297e-40,0.007788001375981259,0.007767743845160311,0.006693471680704876,0.008842386279946718,0.2581279462630683,NE,1,1,0.00460582305739629,0.0069698320931027334,-0.0023640090357064433,1038837.0,2.1378987695128115e-17,0.0023640090357064433,0.0023653720456355983,0.0018177704439778775,0.002935704109105783,0.0823397515454851,NE,1,10,1,NE
NGC3003,N,N,S,1,-0.016926586138037308,-0.02410089379432695,0.007174307656289642,3361939.0,4.876542713562276e-41,0.01109083389519254,0.011137555850592338,0.009934864811139981,0.012345830085289264,0.21784131300019194,S,-1,1,-0.024483231808558138,-0.0320992807127715,0.007616048904213364,3222704.0,2.3242019968479717e-25,0.01082282926259399,0.010848717400784583,0.009114422339618893,0.01272575324868223,0.14138846693820412,S,-1,1,-0.05165820834801958,-0.05569222422439342,0.0040340158763738365,3006203.0,1.0274747543587018e-08,0.010898362453569871,0.010991152788776304,0.008798685079729227,0.013443952917911495,0.09040520243275321,S,-1,1,-0.0745877982714942,-0.06945979685777197,-0.00512800141372223,2724369.0,0.7142505229597724,0.007006874236845673,0.007603424716915651,0.005484991391169143,0.010207648023230447,0.055673330157872736,N,1,1,-0.007556645670520829,-0.007998386918444558,0.0004417412479237291,2708415.0,0.4770684623124539,0.0012563610709561076,0.0013867233313364109,0.0010312206419966414,0.001764938077447724,0.044321516849786614,S,-1,1,-0.03473162220998227,-0.03159133043006648,-0.003140291779915788,2601945.0,0.0025906316988429695,0.003522048571476875,0.003683723510157705,0.002307647177372618,0.005274838498386149,0.13377061302949386,N,1,1,-0.0576612121334569,-0.04535890306344502,-0.012302309070011883,2230302.0,2.2863074131718745e-28,0.01247930048547046,0.012473272790237275,0.0101780311653522,0.01472328401993777,0.10351408448110207,N,1,1,-0.027174976539461444,-0.02359294351162192,-0.003582033027839524,2562424.0,0.00011024527095249158,0.003592070730326149,0.0036123308561545383,0.002463722707454336,0.004842782447581013,0.1635419705141704,N,1,1,-0.05010456646293607,-0.037360516145000466,-0.012744050317935601,2054484.0,7.294899444730353e-50,0.012776638953121495,0.012800177427859716,0.011178176297365235,0.014457405861587629,0.23398407634645504,N,1,1,-0.022929589923474627,-0.013767572633378545,-0.009162017290096082,1967013.0,6.968739445323248e-63,0.009255512743355595,0.009257036150480128,0.008186109858390762,0.010330273394431778,0.19523928559866927,N,1,2,1,N
NGC3185,SW,NE,SW,1,0.010243853623469598,0.00671508078465079,0.003528772838818808,2739639.0,1.7066481658876099e-15,0.003528772838818808,0.003520353754434334,0.0027105191519362862,0.004425514374041811,0.07727108754167566,SW,1,1,0.014181545687736856,0.008592103361109656,0.005589442326627199,2916373.0,4.251644470498435e-34,0.005589442326627201,0.005612122479389995,0.0043772810658057265,0.007052908210718764,0.1505869879688773,SW,1,1,0.014552324016281506,0.006537882545212475,0.008014441471069032,3002822.0,5.518502766647166e-46,0.008014441471069028,0.00800665720512584,0.0063493323042826825,0.009840240294375314,0.16485234104350308,SW,1,1,0.014785249351189047,0.005563205791490808,0.009222043559698238,3054873.0,5.006197939670247e-54,0.009222043559698238,0.00926513270781453,0.007440921471607484,0.01131915054346674,0.20779371505873853,SW,1,1,0.003937692064267258,0.0018770225764588664,0.002060669487808391,2979657.0,1.2792609836428283e-42,0.002060669487808393,0.0020839866528284726,0.0014857216252248332,0.002804296601098836,0.1899894348661463,SW,1,1,0.004308470392811908,-0.00017719823943831409,0.004485668632250222,3293802.0,1.7063608296741406e-99,0.004485668632250219,0.004511420966694033,0.003468960110428142,0.005664909283662776,0.3162507541651508,SW,1,1,0.00454139572771945,-0.0011518749931599807,0.005693270720879431,3243644.0,8.756381091508446e-89,0.005693270720879429,0.00570304904769265,0.0043884469835992505,0.007027759522911083,0.3166239011156529,SW,1,1,0.000370778328544649,-0.0020542208158971804,0.0024249991444418293,3223151.0,1.3801790075563618e-84,0.0024249991444418293,0.002415370605583508,0.0019630637284838107,0.002920792910122726,0.2569419956107657,SW,1,1,0.000603703663452191,-0.0030288975696188465,0.0036326012330710374,3181553.0,2.2007537280415506e-76,0.003632601233071037,0.0036111507444408675,0.0029407602269803266,0.004352226626603884,0.3078896421237449,SW,1,1,0.0002329253349075421,-0.0009746767537216666,0.0012076020886292087,2731479.0,8.071528818536694e-15,0.0012076020886292087,0.001216095971180212,0.0009383462435798439,0.001533987908760741,0.11724451205704416,SW,1,10,1,SW
NGC3370,NE,NE,SW,1,0.0792727761730009,0.05998365337770602,0.019289122795294877,2588139.0,2.7189137086957913e-50,0.019528093391015938,0.01951281585573271,0.016898862821922652,0.022214487512193903,0.20256496100018026,SW,-1,1,0.09141249654338961,0.07386412658401868,0.017548369959370924,2450493.0,4.360829892735677e-29,0.0197059321865595,0.019687179338735008,0.01670945232938702,0.02289367363042386,0.20669141742018884,SW,-1,1,0.09940701614569891,0.08326083121042853,0.016146184935270383,2375716.0,4.5671865438097244e-20,0.01937894180196749,0.019491588696369987,0.016192030785957143,0.022973667271617627,0.2169305683446619,SW,-1,1,0.09561426880524652,0.08398406139679214,0.011630207408454385,2276184.0,8.890549680693407e-11,0.017179360756516764,0.017265789911592527,0.01403850793565542,0.020700341080947947,0.18903426484620323,SW,-1,1,0.01213972037038871,0.01388047320631266,-0.0017407528359239498,1964096.0,0.05153390746393301,0.0036287011524503004,0.003653220334976834,0.003069313051155118,0.004268645073267949,0.40308551822743494,NE,1,1,0.02013423997269802,0.023277177832722505,-0.003142937860024484,1923214.0,0.002276832772492791,0.005104139708489635,0.005240255361934589,0.004485132315849908,0.005973743897724817,0.6551623636073695,NE,1,1,0.016341492632245627,0.024000408019086122,-0.007658915386840496,1769296.0,5.597061129265467e-13,0.007904900406646065,0.008018799682663006,0.006985798529068883,0.009323658109808236,0.6540174253249835,NE,1,1,0.00799451960230931,0.009396704626409845,-0.0014021850241005343,1822734.0,8.107397202272434e-09,0.0016300245636280079,0.0017297491301642017,0.0014431622640220787,0.0020403710304740786,0.28367730114689627,NE,1,1,0.004201772261856918,0.010119934812773458,-0.00591816255091654,1547569.0,8.727776679099921e-40,0.00591816255091654,0.005913119825084419,0.005164048752416243,0.006606947143528958,0.6464743341941774,NE,1,1,-0.0037927473404523915,0.0007232301863636144,-0.004515977526816006,1323867.0,1.5790685854391082e-82,0.004515977526816007,0.0045232125407782525,0.004104366308894801,0.004952181737073932,0.47693670077432493,NE,1,2,1,NE
NGC3430,NW,W,E,1,0.06627303009514644,0.07220512192492069,-0.00593209182977425,4275487.0,0.41025446013824696,0.006443165940286698,0.007003457300377179,0.005352798408662005,0.00866087207427758,0.04963361193580317,W,1,1,0.07629714170484975,0.08755522559654026,-0.011258083891690515,4095795.0,0.0003425406026825384,0.01127517747533567,0.011422754824421523,0.008521824406556496,0.014578632277372239,0.050889843147214606,W,1,1,0.07939284043237785,0.09304089132223407,-0.013648050889856225,4039424.0,8.756130456736978e-06,0.013678354472174737,0.013756369035300212,0.010731257796818312,0.016928928536623353,0.04960536618656264,W,1,1,0.07562760390066332,0.09211761961841668,-0.016490015717753354,3923650.0,4.897599780854945e-10,0.016490015717753336,0.01640565763411584,0.013160435001493841,0.019920454169691893,0.08358097286759233,W,1,1,0.010024111609703292,0.015350103671619559,-0.005325992061916267,3542608.0,1.5324027070012693e-33,0.005326377474627376,0.0053227647781047315,0.004562776802335001,0.0060772882654518984,0.1366397272359673,W,1,1,0.013119810337231393,0.02083576939731339,-0.007715959060081998,3537505.0,5.899569239211765e-34,0.007715959060082005,0.007716013823939247,0.006698479644389601,0.008766227157197557,0.14634528368091296,W,1,1,0.009354573805516882,0.019912497693495977,-0.010557923887979095,3297239.0,1.7968986535824225e-56,0.010557923887979095,0.010561620896787595,0.009362517628382765,0.01172308814632937,0.2833453254978018,W,1,1,0.0030956987275280986,0.0054856657256938356,-0.002389966998165737,3674947.0,1.0304939043221897e-23,0.00239096305917011,0.0023964425052911066,0.0020084685044921753,0.002782899220548746,0.054641604948592305,W,1,1,-0.0006695378041864104,0.0045623940218764165,-0.005231931826062827,3296914.0,1.6599190901097005e-56,0.005231931826062828,0.005225600224661574,0.004640788204787341,0.005807724916218096,0.11644307611518767,W,1,1,-0.0037652365317145087,-0.0009232717038174182,-0.0028419648278970905,3612654.0,4.059118501753549e-28,0.002841964827897091,0.0028451893831725706,0.0023925060454215133,0.003317106259057456,0.07554576518578808,W,1,10,1,W
NGC3726,W,NW,SE,1,0.002088853597535523,0.0033595226979883084,-0.0012706691004527853,7456810.0,4.767665264238755e-40,0.0013893919103654606,0.0014119209706355787,0.0012031569296787684,0.001616427144718366,0.07009413274143854,NW,1,1,-0.00498111409027325,-0.0023932604475810485,-0.0025878536426922013,7263188.0,1.1532474112516407e-50,0.0026245766258628225,0.002645993021693275,0.00217976990964769,0.0031221258212955666,0.09179559064817275,NW,1,1,-0.00963715894267606,-0.006576495007957296,-0.003060663934718764,7356959.0,2.3113120659009307e-45,0.0031202755659891276,0.0031450831186739894,0.0024685763493875407,0.0038511729955645418,0.10628885677102082,NW,1,1,-0.017833267191535614,-0.01563035687192257,-0.0022029103196130433,8005050.0,6.063574596878117e-17,0.0022398832480665363,0.002281163758060255,0.0016182487031099954,0.0029369993730002496,0.05730382038194021,NW,1,1,-0.007069967687808773,-0.005752783145569356,-0.0013171845422394173,7323426.0,3.1803717651289206e-47,0.0013255701975350546,0.0013327861696630602,0.0010268019037697584,0.0016350215827379462,0.12666318499161092,NW,1,1,-0.011726012540211585,-0.009936017705945604,-0.0017899948342659806,7450568.0,2.2703385668717927e-40,0.0018069545155372014,0.001817108732900715,0.0013021038235143314,0.002342722240735085,0.11596639168614378,NW,1,1,-0.01992212078907114,-0.01898987956991088,-0.0009322412191602597,8478355.0,3.3338938946256525e-05,0.0009340873931671467,0.0009702991807988306,0.0005330316584381686,0.0015162314832509825,0.027799861793851542,NW,1,1,-0.004656044852402811,-0.004183234560376248,-0.00047281029202656324,8084490.0,1.909229064284259e-14,0.0005564114048457825,0.0005853836999941301,0.00043257787584324744,0.0007582797747993712,0.05496410156482583,NW,1,1,-0.012852153101262363,-0.01323709642434152,0.0003849433230791576,9303853.0,0.0013676943739209674,0.0005521825087232003,0.0005795479018124448,0.00033599163600727284,0.0008814093733662197,0.02973495168085091,SE,-1,1,-0.008196108248859553,-0.009053861863965276,0.0008577536151057226,10039491.0,1.809120022504577e-22,0.0009398894160073379,0.0009509370579855227,0.0007719532149665809,0.0011380182897823823,0.07294616686553489,SE,-1,6,1,NW
NGC3813,N,N,S,1,0.1301225394481314,0.14224043832091748,-0.012117898872786081,1790886.0,7.658465027474376e-06,0.012547514207631012,0.01269418829307351,0.008255763768802733,0.017393891718371034,0.08918164102251791,N,1,1,0.1879009837638476,0.21102581893455147,-0.023124835170703878,1657467.0,2.4840077361645833e-16,0.023835461595787276,0.023954778162571144,0.018255603119929964,0.029722860877747073,0.11548101432639557,N,1,1,0.20960857976093278,0.23905452417835885,-0.029445944417426068,1603242.0,2.7714608897492277e-22,0.030155428072521133,0.030215165201492696,0.024132731279716428,0.036835483350413735,0.14498765808341346,N,1,1,0.20916964969067833,0.24676316460326725,-0.037593514912588916,1526019.0,1.8509204374228632e-32,0.038276422665827065,0.03830702798815193,0.031633198109468116,0.04518625861784447,0.18644969958825355,N,1,1,0.05777844431571618,0.068785380613634,-0.011006936297917817,1503136.0,7.380187903193263e-36,0.013049798876602228,0.01308467648811152,0.011070047536217785,0.014971551206251904,0.21994901992508004,N,1,1,0.07948604031280136,0.09681408585744138,-0.017328045544640014,1450242.0,2.1745740910240318e-44,0.01922668276842934,0.019249347929324426,0.016899540266401114,0.021734895378978273,0.27356629727760484,N,1,1,0.07904711024254692,0.10452272628234976,-0.025475616039802848,1321122.0,3.6353361142629e-69,0.026897233717476793,0.026880818723476196,0.02419310189120115,0.029736294232064708,0.4073737930260408,N,1,1,0.02170759599708519,0.028028705243807378,-0.00632110924672219,1394932.0,2.5758806777185277e-54,0.006322492950709664,0.006337544329341369,0.005554869968565754,0.007162787710847862,0.20256451512895363,N,1,1,0.02126866592683072,0.03573734566871577,-0.014468679741885048,1098509.0,4.5066794531541013e-125,0.014480671838839755,0.014526751249942097,0.01346818081931211,0.01564901639533156,0.45210854149720764,N,1,1,-0.00043893007025447045,0.007708640424908387,-0.008147570495162858,1066341.0,1.5609957732502148e-134,0.008147571343941281,0.008147063828608239,0.00753892519890706,0.00873441273298049,0.3927747280142103,N,1,10,1,N
NGC3877,SE,NW,SE,1,0.006090039710122944,0.016082669119205483,-0.009992629409082538,7863245.0,1.866224237011198e-159,0.01007922314732726,0.010077703868343097,0.009398268772634558,0.010818480868116117,0.2671779274646034,NW,-1,1,-0.009092559405635635,0.0007028679592005442,-0.00979542736483618,8900709.0,1.1110516101641386e-82,0.00997199232522068,0.009972903717952805,0.0088103811768459,0.011202172696128448,0.1121552000924818,NW,-1,1,-0.02004677581772115,-0.011411252457497661,-0.008635523360223489,9591220.0,1.3088607404122975e-45,0.008948457411643417,0.009036428642010937,0.007727019440634776,0.010648843045603604,0.0826314835850178,NW,-1,1,-0.019733819366181373,-0.0158053454612412,-0.003928473904940173,10371057.0,3.473449876428608e-17,0.005691009603277376,0.005796252100720585,0.004933997854126585,0.006682307163631899,0.051754391315620665,NW,-1,1,-0.01518259911575858,-0.015379801160004944,0.000197202044246364,10731954.0,7.904604837643006e-09,0.0023212297052957326,0.0023365890724390383,0.0019452599369797552,0.0027871713524502064,0.052568318657127994,SE,1,1,-0.026136815527844092,-0.027493921576703145,0.0013571060488590525,10996507.0,0.00013272125846005065,0.003988826616915462,0.004013030226504734,0.00327382977674735,0.004802403292180954,0.04501741157803163,SE,1,1,-0.02582385907630432,-0.03188801458044669,0.006064155504142368,12337845.0,1.3518484436917852e-09,0.006779170099623847,0.00682040118817247,0.005754899011782695,0.007778997181125974,0.05989517777428033,SE,1,1,-0.010954216412085518,-0.012114120416698206,0.0011599040046126885,11399537.0,0.39422476915961346,0.0022738496035505764,0.002284470694279964,0.0018968386946550426,0.002644572542323391,0.05081391915356496,SE,1,1,-0.010641259960545744,-0.016508213420441745,0.005866953459896001,13920792.0,2.7536876258102934e-70,0.006260269211075083,0.006243243145099801,0.0057141999065106796,0.0067727168121114924,0.14502388362269267,SE,1,1,0.0003129564515397769,-0.00439409300374354,0.004707049455283317,15535241.0,8.682282111212109e-193,0.004977483487215472,0.004984309651807244,0.004683580252840688,0.00529393375718622,0.2571751641062049,SE,1,2,1,SE
NGC3917,SE,NW,SE,1,0.14747944128221321,0.10450777797503218,0.04297166330718104,6277488.0,9.663142312712466e-54,0.04297166330718105,0.04306401470401198,0.03835486537765107,0.047725655357776,0.10781317807358404,SE,1,1,0.1791984069128947,0.11650518727242647,0.06269321964046824,6755331.0,3.537581535696915e-106,0.06269321964046826,0.06270138830381687,0.05761068032415986,0.06783714833205386,0.21618383368306224,SE,1,1,0.1866784941005373,0.1142639754763919,0.0724145186241454,6971202.0,8.823731661902545e-136,0.07241451862414534,0.07238829941917391,0.06706768922788812,0.07769696146551495,0.22229771111073293,SE,1,1,0.16059724042355072,0.09382681687835588,0.06677042354519484,6884717.0,1.7692479287288553e-123,0.06677042354519482,0.06688771327657027,0.06173163084994202,0.07184804500686243,0.23635499364057913,SE,1,1,0.0317189656306815,0.011997409297394278,0.019721556333287225,7024091.0,1.352296738793752e-143,0.019722139267353854,0.019691681605790316,0.01830232387062866,0.021066736492929547,0.2563855071075938,SE,1,1,0.03919905281832405,0.00975619750135975,0.029442855316964302,7335859.0,3.7295642377497844e-194,0.029442882317248315,0.029434715399105388,0.027668621752764695,0.031129622522656723,0.35562198845065185,SE,1,1,0.013117799141337478,-0.010680961096676286,0.023798760238013764,6611405.0,1.7371998736961215e-88,0.025657573487939424,0.02574994710126115,0.023405599546344743,0.027836276529858987,0.17890237379844096,SE,1,1,0.007480087187642556,-0.002241211796034531,0.009721298983677087,6551672.0,1.2638477773361135e-81,0.009763262707241423,0.009778637875740853,0.008842705300686355,0.010739105937108822,0.13608391481275992,SE,1,1,-0.018601166489344016,-0.022678370394070564,0.004077203904726549,5698582.0,2.584641458991227e-14,0.011360403220796548,0.011408108909898563,0.01014121944858684,0.012704336688738266,0.10267466666516525,SE,1,1,-0.02608125367698657,-0.020437158598036038,-0.005644095078950532,4813643.0,1.4847208096845501e-05,0.007054775850535322,0.007117028738681155,0.005906964229683848,0.008278514099085733,0.05676741707659215,NW,-1,8,1,SE
NGC4096,NW,W,E,1,0.07270476777342086,0.06597931955774461,0.00672544821567625,14659041.0,3.1492310855258585e-30,0.010249086240540242,0.010312169009634808,0.008947075881578793,0.011797156032835652,0.06644290914329926,E,-1,1,0.08873366220607606,0.08283233019615173,0.005901332009924334,14447775.0,1.5160806617912037e-23,0.01180515917405054,0.011864668511426094,0.01043714241280526,0.013318138780995538,0.08944003079458554,E,-1,1,0.08323332521744223,0.08150330337276408,0.0017300218446781451,13856714.0,1.7856390196658813e-09,0.012561749003685518,0.012644860859557511,0.011314910132680545,0.013959870782956206,0.10203394887400076,E,-1,1,0.07232274849666175,0.0773554675638304,-0.005032719067168651,12992771.0,0.8474364378189121,0.013229462712554116,0.013322978758717359,0.012049996631120354,0.014565200918195405,0.15875473544531885,W,1,1,0.01602889443265519,0.01685301063840712,-0.0008241162057519291,13147670.0,0.2162511028353763,0.0030537017087573035,0.00307952660831583,0.0027612863997242263,0.003427836219347557,0.09251440037374346,W,1,1,0.010528557444021352,0.015523983815019474,-0.004995426370998122,12211714.0,3.9225835483016805e-07,0.006173467928670535,0.0062144796523824685,0.005703757875778734,0.006762701344031444,0.242794127410565,W,1,1,-0.00038201927675914267,0.011376148006085801,-0.011758167282844944,10795005.0,2.013897912742886e-48,0.011758167282844942,0.01179673268200201,0.010600562641759254,0.013049037963912003,0.2741339524394306,W,1,1,-0.005500336988633838,-0.0013290268233876453,-0.004171310165246193,10626462.0,5.975969840311109e-56,0.004171310165246193,0.004168159899850982,0.0037688002724395285,0.004571378297281284,0.3274533666567083,W,1,1,-0.016410913709414335,-0.005476862632321319,-0.010934051077093016,8989907.0,4.141677635615819e-158,0.010934051077093013,0.010929911260731782,0.010248387183384876,0.011620836232476627,0.38397923710412996,W,1,1,-0.010910576720780494,-0.004147835808933674,-0.00676274091184682,9109395.0,7.263537588467911e-149,0.006762740911846821,0.006770992959056477,0.006303412967781335,0.007235072524547126,0.20145948511387338,W,1,4,1,W
NGC4162,W,E,W,1,0.017078748485322568,0.014802217016399303,0.002276531468923265,2384726.0,4.29979070194236e-11,0.002330942958295004,0.002339586193478228,0.0017684689924891668,0.002987741773484529,0.08631934368864812,W,1,1,0.018863663347289034,0.015010033383959426,0.003853629963329608,2456545.0,2.499647901549264e-17,0.003866156383554734,0.003878122849027059,0.0029897068092234608,0.004847367484305814,0.17902718274266174,W,1,1,0.016377148492865215,0.012046950625790321,0.004330197867074894,2477112.0,2.1635105711477639e-19,0.00433019786707489,0.004321615878696261,0.0034789493568164642,0.005192493517892561,0.23494179932220835,W,1,1,0.015159972911756758,0.009620464661507533,0.005539508250249224,2517161.0,9.192539364831945e-24,0.005539508250249226,0.005530408182848522,0.004477178877065563,0.006639583073862859,0.274989004922959,W,1,1,0.0017849148619664666,0.00020781636756012393,0.0015770984944063426,2589913.0,6.588704428512584e-33,0.0016086931296410464,0.0016111670635985229,0.0012098408474255605,0.002096259886244339,0.3467341634242756,W,1,1,-0.0007015999924573546,-0.002755266390608979,0.0020536663981516245,2527078.0,6.431702444870225e-25,0.002053666398151622,0.0020639531806374966,0.0016467385601801477,0.0025026555609934005,0.25137077433423066,W,1,1,-0.0019187755735658092,-0.005181752354891768,0.003262976781325959,2545713.0,3.628693265750858e-27,0.0032629767813259544,0.0032662856928752904,0.0026419145389113704,0.004008491394272761,0.278667284320838,W,1,1,-0.0024865148544238203,-0.0029630827581691027,0.0004765679037452824,2305062.0,6.358119912676454e-06,0.0005096294730402627,0.0005239196217287654,0.00031120466677986107,0.0007701029770635422,0.11657311417560116,W,1,1,-0.0037036904355322755,-0.0053895687224518925,0.001685878286919617,2451572.0,7.552345549437409e-17,0.0016858782869196161,0.0016814186575194354,0.0012632441431367069,0.002120565241840689,0.172911139946212,W,1,1,-0.0012171755811084548,-0.0024264859642827894,0.0012093103831743346,2459403.0,1.3141250844249357e-17,0.0012439699638505425,0.0012533804412683093,0.0009564527484476575,0.0016042079229901772,0.22552635004428967,W,1,10,1,W
NGC4178,SE,NW,SE,1,0.040061257560584124,0.03636626151027321,0.003694996050310914,1990687.0,0.0029183026082891146,0.0050425532921014584,0.005603696308445604,0.003156541275385642,0.008425130498353443,0.07969272906976287,SE,1,1,0.010926371713962102,0.00869442877614625,0.0022319429378158517,1953610.0,0.05542393496105166,0.0051421505189502125,0.0057291999188417075,0.0037688060373972983,0.008080372007286644,0.10677267386690911,SE,1,1,0.008455073030739573,0.004642787492233813,0.0038122855385057594,1971488.0,0.015225043119872387,0.006712651128685881,0.007149958291058965,0.004602169867978776,0.010135902253585844,0.10149669397508186,SE,1,1,-0.030253287742734142,-0.036456391374425974,0.006203103631691832,1977306.0,0.00950268769803457,0.006550450706806377,0.007605985717326959,0.004697684633375674,0.010917476616633946,0.08052247569778088,SE,1,1,-0.02913488584662203,-0.02767183273412696,-0.0014630531124950677,1781866.0,0.0027212826215245547,0.0027400946969224505,0.003042674799967392,0.0019059422909002942,0.0042810672174557534,0.041239421620418416,NW,-1,1,-0.03160618452984455,-0.031723474018039405,0.00011728948819485219,1892956.0,0.8568510903229658,0.0016382014180681863,0.002156113123339789,0.0013526758203078503,0.003239605280202248,0.04708046716555705,SE,1,1,-0.07031454530331827,-0.07282265288469919,0.002508107581380925,1961510.0,0.03223079897254908,0.0042436595346119245,0.004588846136254398,0.002930396703545781,0.006988010153729804,0.06078723635685547,SE,1,1,-0.00247129868322253,-0.0040516412839124395,0.0015803426006899095,2028206.0,5.1319199276793974e-05,0.0029879477123656833,0.003064467796819362,0.0020644555810175953,0.004126934321754496,0.03940480361567804,SE,1,1,-0.04117965945669625,-0.04515082015057223,0.003971160693875979,2036209.0,1.8817263128651574e-05,0.00534849611886839,0.005385065481510843,0.003630995427020969,0.007300101345045231,0.0822451989258236,SE,1,1,-0.03870836077347372,-0.041099178866659786,0.002390818093186066,1974084.0,0.012375715341487212,0.0026789935063201258,0.002864655465438,0.0012850836206230874,0.004809635797556002,0.05865491351204701,SE,1,8,1,SE
NGC4192,NE,NE,SW,1,0.03134036590827745,0.04942556426172753,-0.01808519835345008,2294525.0,3.482058248133619e-294,0.018299125014202895,0.018323342479758413,0.017298834261427753,0.01933007871537278,0.5643668305750902,NE,1,1,0.03443120055964734,0.061532828939304826,-0.02710162837965749,1832386.0,0.0,0.027634278482310096,0.027660501305012037,0.02638735635924588,0.028852773253732516,1.0400875702657293,NE,1,1,0.037184412630445474,0.06687018205906493,-0.02968576942861946,1833566.0,0.0,0.03076509307035269,0.03078843753000571,0.0293787922614977,0.03220537907234939,1.0764967073163132,NE,1,1,0.035753405969358186,0.06855874876076527,-0.03280534279140709,1758108.0,0.0,0.03397920400407198,0.03399411647727469,0.032514219604450674,0.0354757674356559,1.2498956442647788,NE,1,1,0.0030908346513698857,0.012107264677577282,-0.009016430026207396,1211185.0,0.0,0.009629714704584584,0.009649529597577122,0.009264764833691411,0.01006456426671015,2.3553940809603935,NE,1,1,0.00584404672216802,0.0174446177973374,-0.01160057107516938,1508530.0,0.0,0.012873532902078638,0.012867586387785743,0.012300847874079,0.01344566185665459,2.234422440201909,NE,1,1,0.004413040061080738,0.019133184499037732,-0.014720144437956995,1474762.0,0.0,0.016043574681083063,0.01605223551896425,0.015341793196945442,0.01679410229413695,2.698771301284977,NE,1,1,0.002753212070798134,0.0053373531197601146,-0.0025841410489619806,2485767.0,2.7284667702818124e-253,0.003494236215085399,0.003499494506191505,0.0032817232515156367,0.003734049355165506,1.282233103296087,NE,1,1,0.0013222054097108526,0.007025919821460451,-0.005703714411749598,2143027.0,0.0,0.006496240335197671,0.006508773742946687,0.006108935532239895,0.00691191984390714,1.7970437540946267,NE,1,1,-0.0014310066610872818,0.0016885667017003344,-0.0031195733627876164,2159325.0,0.0,0.0032312158566474474,0.003224224975371252,0.0029736155039866417,0.003480726596130427,1.3222042643927971,NE,1,10,1,NE
NGC4220,NE,NE,SW,1,0.06014745561515285,0.07835968330352744,-0.01821222768837459,1599428.0,3.1703684093655483e-80,0.019052820086601203,0.01904818239335857,0.016927764899912524,0.02108337828698511,0.28076005019208533,NE,1,1,0.07836894617323205,0.12687833414565544,-0.04850938797242339,1031672.0,1.3469689456447247e-232,0.04866139080264657,0.04867813696328002,0.045978981435404694,0.051369698458772255,0.7901855428737709,NE,1,1,0.08759116400008923,0.1504006429340328,-0.06280947893394356,944101.0,3.0919045433696474e-263,0.06280947893394358,0.06274585084877628,0.05902705742874281,0.06598994760253553,0.8932892075291592,NE,1,1,0.08573817482437958,0.15758676627499274,-0.07184859145061316,876217.0,2.6676174131216746e-288,0.07184859145061316,0.0718123973670246,0.06814745803551156,0.07526284626394444,1.0081368755213687,NE,1,1,0.018221490558079208,0.048518650842127996,-0.030297160284048788,648278.0,0.0,0.030297160284048795,0.03028373873849681,0.028927234699518058,0.03166345699853351,2.1483446604622847,NE,1,1,0.027443708384936386,0.07204095963050536,-0.04459725124556897,712726.0,0.0,0.04459725124556897,0.04463425281036146,0.042220239229021954,0.04694379696726587,2.654897876091811,NE,1,1,0.025590719209226745,0.0792270829714653,-0.053636363762238556,664417.0,0.0,0.05363636376223856,0.0536480213237825,0.05104284990817189,0.05658766074725737,3.1845065053755266,NE,1,1,0.00922221782685718,0.023522308788377355,-0.014300090961520176,889848.0,3.55609495112357e-283,0.014300090961520177,0.014316352460214612,0.013377414451791378,0.015286763436297656,1.2721092808782735,NE,1,1,0.007369228651147536,0.030708432129337306,-0.02333920347818977,744157.0,0.0,0.023339211828825604,0.023309879246724823,0.021931510375237842,0.02467625049347138,2.0969606884425227,NE,1,1,-0.0018529891757096436,0.007186123340959948,-0.009039112516669591,703704.0,0.0,0.009064367309380728,0.009068351141996098,0.00863189583286512,0.009514362623761858,1.291597559538197,NE,1,10,1,NE
NGC4274,NE,N,S,1,0.043988383553080955,0.04893111371141537,-0.004942730158334414,2530065.0,5.809172117086055e-56,0.010710528110747346,0.010739381698365132,0.009550725381346447,0.012054948683442217,0.3477701194205917,N,1,1,0.06039926801546515,0.07245831454588016,-0.012059046530415007,2232363.0,2.917230180519163e-100,0.016453653183206338,0.016603169393636805,0.015273963274443754,0.01803516337352927,0.6712239467136604,N,1,1,0.06845655263787487,0.08429523808321894,-0.015838685445344072,2136067.0,2.1663971194683542e-117,0.019416061738955846,0.019595744855728014,0.018094941233585324,0.021204319157412808,0.8564511173273431,N,1,1,0.07058894058770154,0.08944563483095601,-0.018856694243254465,2084276.0,3.603658161837577e-127,0.021477672273369306,0.02182628251670652,0.020347775362774018,0.023452683313081497,1.031443458502325,N,1,1,0.016410884462384194,0.023527200834464777,-0.007116316372080583,1931968.0,3.179268994213641e-158,0.007207192545798702,0.007269104982671727,0.006637740107472337,0.008007798954880099,1.1421060001342118,N,1,1,0.024468169084793923,0.03536412437180357,-0.010895955287009648,1836305.0,1.7571461678131575e-179,0.011017172495521648,0.01111660184194666,0.010332102040070377,0.012067541952615175,1.800146772148171,N,1,1,0.02660055703462059,0.04051452111954065,-0.013913964084920061,1818453.0,1.3431589425054981e-183,0.0142637458479049,0.014324069280035084,0.01329063194173414,0.01553524422070828,1.6315608909629529,N,1,1,0.008057284622409734,0.01183692353733879,-0.0037796389149290562,1772659.0,2.2522685611461868e-194,0.0038138557349299256,0.0038501588175349653,0.0035840163993221975,0.004169094784598242,1.337634939518088,N,1,1,0.010189672572236397,0.016987320285075866,-0.006797647712839468,1811316.0,2.9454529048991946e-185,0.007085238392788472,0.007135240387687937,0.006701981957985423,0.007619373773836047,1.3041502219202104,N,1,1,0.0021323879498266664,0.005150396747737079,-0.003018008797910412,2024677.0,6.503357866083712e-139,0.0033162724767021486,0.0033250984048648004,0.003109695339304406,0.003541161739246936,0.8959217331262704,N,1,10,1,N
NGC4579,NW,N,S,1,0.005148361821724842,0.010444174331218746,-0.005295812509493903,944153.5,7.207508570595592e-131,0.005295812509493901,0.005282437275366533,0.004728563336189993,0.005858036333782159,0.5054482215780188,N,1,1,0.012033776714949254,0.019095598797749313,-0.007061822082800059,1160705.0,1.0141363107110665e-70,0.007061822082800053,0.007080316288070774,0.00606886233474814,0.008211820748769905,0.28020116248955873,N,1,1,0.009933241484746223,0.017823510460013476,-0.007890268975267253,1050379.0,4.937161572521891e-99,0.007890268975267251,0.007896717454546549,0.007037395272227897,0.008886312871587419,0.38913628146931734,N,1,1,0.009543366644207546,0.017978288544301953,-0.008434921900094407,1012523.0,7.294854880686606e-110,0.008434921900094402,0.008453804422150483,0.00745679209065205,0.009455755623836482,0.5051086715382965,N,1,1,0.006885414893224411,0.008651424466530564,-0.0017660095733061524,1350921.0,2.9143011456140598e-33,0.0019296700920249953,0.0019743911665615404,0.001635765836879762,0.002453040409164348,0.29132283521146846,N,1,1,0.0047848796630213805,0.007379336128794732,-0.0025944564657733515,1204505.0,8.026452448399202e-61,0.0025944564657733515,0.0026031136694651094,0.0021305496609533726,0.0031159524551730594,0.5485054866446185,N,1,1,0.004395004822482704,0.007534114213083208,-0.0031391093906005044,1157735.0,2.029087710760418e-71,0.003141292566773457,0.0031813527937608363,0.002779975524285219,0.003657124763213308,0.8680224508538138,N,1,1,-0.002100535230203031,-0.0012720883377358326,-0.0008284468924671983,1328854.5,7.162847122151575e-37,0.0008284569776707613,0.0008329247865227967,0.0006526366350624495,0.0010090157404351572,0.22605297475070713,N,1,1,-0.002490410070741707,-0.0011173102534473584,-0.0013730998172943485,1179746.0,2.5285228155865816e-66,0.001393921591557621,0.0013961313882118022,0.001140367567430322,0.0016635060266481116,0.28033478138537476,N,1,1,-0.00038987484053867617,0.0001547780842884743,-0.0005446529248271505,1321097.0,3.4700999131534976e-38,0.0006028034582509242,0.0006075931858910563,0.0005145745868868207,0.0007034762921887819,0.1906202010682595,N,1,10,1,N
NGC4586,NE,NE,SW,1,0.09538300853161777,0.11851206690402451,-0.02312905837240674,3203079.0,1.1291436305160485e-82,0.02312905837240672,0.023220250191849753,0.020712693483747026,0.02567319529484783,0.20745966991311504,NE,1,1,0.1135348593675263,0.1686924436371815,-0.0551575842696552,2237833.0,1.958338641158749e-248,0.055157584269655176,0.05514552962110982,0.05214560676375553,0.05825433525740255,0.5336834173875432,NE,1,1,0.12215258181132349,0.18662752722619844,-0.06447494541487495,2232533.0,1.3594373473706605e-249,0.06447494541487495,0.06443737944454744,0.06103785098794521,0.06801501095045352,0.49636386786585696,NE,1,1,0.1235635795525551,0.1919130318987732,-0.0683494523462181,2257966.0,4.656227589742451e-244,0.06834945234621809,0.06839705649897344,0.06470654985333738,0.07219203084056455,0.4646956456939595,NE,1,1,0.018151850835908537,0.050180376733157006,-0.03202852589724847,2369731.0,1.7761415562609784e-220,0.03202852589724846,0.03206352180778868,0.030112389083931938,0.034109436332473146,0.4565565341005902,NE,1,1,0.026769573279705697,0.06811546032217393,-0.041345887042468235,2478281.0,9.94450514281202e-199,0.04134588704246822,0.04135639058477244,0.038546751890224135,0.04405124701208671,0.438279931117844,NE,1,1,0.028180571020937326,0.0734009649947487,-0.045220393973811376,2547892.0,2.2147023941441946e-185,0.04522039397381138,0.04521848266580607,0.04197757999393253,0.04841466142890375,0.4358379197018585,NE,1,1,0.008617722443797167,0.017935083589016937,-0.00931736114521977,2912658.0,4.350211186760105e-123,0.009317361145219768,0.009329130176465882,0.008494867210581099,0.01014335667332621,0.23216752587806982,NE,1,1,0.010028720185028789,0.02322058826159171,-0.013191868076562922,2966243.0,5.099288686221514e-115,0.013191868076562918,0.013184892390091341,0.012021678689269158,0.014437777696347893,0.22970821864582913,NE,1,1,0.0014109977412316236,0.005285504672574774,-0.003874506931343151,3233066.0,5.78451369093009e-79,0.003874506931343151,0.0038802225697957622,0.0035285849636575765,0.004248335617766077,0.16105607431740737,NE,1,10,1,NE
NGC4602,S,N,S,1,0.043681198367439375,0.03929915993775243,0.004382038429686944,1460574.0,0.0007351223977335511,0.004481224612244683,0.004524537308719491,0.002345527543001919,0.006713424728703133,0.07540851407826754,S,1,1,0.05140680643236613,0.03360988740497892,0.017796919027387205,1731290.0,5.686103334681907e-40,0.01787877922535551,0.017970818801890234,0.015631012149831616,0.02046052598822355,0.21060671587009933,S,1,1,0.04744644807766615,0.020059084950625652,0.0273873631270405,1830213.0,1.3675300839480757e-63,0.0274933311631176,0.02753250818243581,0.02437568094026363,0.03048333951502045,0.31552952691949415,S,1,1,0.054506697986867324,0.017356288358445555,0.03715040962842177,1968206.0,6.452207993425965e-106,0.0372431766943266,0.03723031759580037,0.034187556630087566,0.04047173901276251,0.37728566516926526,S,1,1,0.0077256080649267525,-0.0056892725327735046,0.013414880597700258,2239259.0,6.53650615550553e-221,0.013437904850236777,0.013432282102788306,0.012642504906887684,0.01413544456160958,1.283880021775715,S,1,1,0.003765249710226775,-0.019240074987126772,0.023005324697353547,2184634.0,2.4472808459661433e-194,0.023005324697353544,0.023016105482633623,0.021570375259342457,0.024491895391028258,1.7173394573409664,S,1,1,0.010825499619427952,-0.021942871579306866,0.03276837119873482,2296650.0,1.1161831347886041e-250,0.032768371198734825,0.03280214239310352,0.031049781704571743,0.03446333114744854,1.4153957712762133,S,1,1,-0.003960358354699977,-0.013550802454353267,0.009590444099653291,1961298.0,1.5438330579928673e-103,0.00959044409965329,0.009583791295219165,0.008685149061441204,0.010447362353749655,0.509640012989358,S,1,1,0.0030998915545011984,-0.016253599046533368,0.019353490601034567,2195593.0,1.5670311189692782e-199,0.019353490601034563,0.019359583844421286,0.01818042750805585,0.020644525225254576,1.0012308682710354,S,1,1,0.0070602499092011755,-0.002702796592180099,0.009763046501381274,2051329.0,1.0833115327858644e-136,0.009804252645911782,0.00982379589501297,0.009130195528626721,0.010505955268409617,0.4534265989568499,S,1,10,1,S
NGC470,SW,W,E,1,0.0020302242053980056,0.007552113240216879,-0.005521889034818874,571081.0,1.4549295657027163e-09,0.005521889034818872,0.00552582848122143,0.003698590361092447,0.007350348560494035,0.1213898478013411,W,1,1,-0.003228557328379271,0.007087008707025694,-0.010315566035404965,555144.0,1.8910969965359067e-12,0.010315566035404962,0.010398028561457415,0.007589445567245666,0.013146656486388662,0.1678157324897812,W,1,1,-0.00785531451847088,0.0096554346712004,-0.017510749189671278,507912.0,1.7689679765855315e-23,0.017510749189671278,0.017506525577657042,0.014050244744688661,0.021209094774927304,0.2544238513305543,W,1,1,-0.0136626230514528,0.008170378636989394,-0.021833001688442197,486198.0,8.488582770221617e-30,0.02183300168844219,0.02179013861054676,0.017960540842474417,0.026089338773590088,0.34901878055544117,W,1,1,-0.005258781533777276,-0.0004651045331911845,-0.004793677000586092,536465.0,2.2841056231032924e-16,0.004793677000586091,0.004802878056652977,0.003667982356202069,0.006030595031102394,0.2051683966922343,W,1,1,-0.009885538723868884,0.002103321430983522,-0.011988860154852406,465352.0,1.3189074594499539e-36,0.01198886015485241,0.012046973879615817,0.009870025162030635,0.014255668634594161,0.3345234395642241,W,1,1,-0.015692847256850804,0.0006182653967725164,-0.01631111265362332,437930.0,1.1338915600941012e-46,0.01631111265362332,0.01630570385706479,0.01354040392506707,0.019154857682731476,0.5011109102849731,W,1,1,-0.0046267571900916096,0.0025684259641747076,-0.0071951831542663176,413716.0,1.3105996957311539e-56,0.007195183154266318,0.007193013195528688,0.0060902890870097055,0.00838604025876896,0.591545614934773,W,1,1,-0.01043406572307353,0.001083369929963701,-0.01151743565303723,400129.0,1.289134289621728e-62,0.011517435653037228,0.01155492521080799,0.00980400465949983,0.013384170718734417,0.5595733803038873,W,1,1,-0.005807308532981919,-0.0014850560342110064,-0.004322252498770912,522664.0,1.2340267427914374e-19,0.004322252498770914,0.004322561982843284,0.0034797693813584415,0.005126768880284674,0.4092910279717691,W,1,10,1,W
NGC4771,NE,NE,SW,1,-0.03649328416946952,-0.038512718992622576,0.002019434823153053,3822973.0,0.06800843684873938,0.010724915418105153,0.011091905706244439,0.008157470855507736,0.01432237551742243,0.05221892927716106,SW,-1,1,-0.010264100110562429,0.026222288882390612,-0.03648638899295304,3031386.0,4.2191245646130944e-32,0.03648638899295305,0.0363723607334483,0.03141824569626859,0.04171177137172476,0.08788435568660692,NE,1,1,-0.011631985928948207,0.04420168048724601,-0.055833666416194215,2680568.0,4.2164554490287015e-71,0.05583366641619423,0.05579067633858321,0.050436102961650284,0.060935769767698544,0.16435642931746533,NE,1,1,-0.011172647907364712,0.05870354575010617,-0.06987619365747089,2424572.0,1.6460749907037263e-109,0.06987619365747089,0.06979981081063662,0.06435180431056063,0.07532574671699051,0.293109167500984,NE,1,1,0.026229184058907094,0.06473500787501318,-0.038505823816106094,1278928.0,0.0,0.040812892510165566,0.040860821796454345,0.03905402054475476,0.042864007700263496,1.6960946130555816,NE,1,1,0.024861298240521308,0.08271439947986858,-0.057853101239347275,1039287.0,0.0,0.057853101239347275,0.05785359520403638,0.055651372585735125,0.060041980212221374,1.9852296129581464,NE,1,1,0.02532063626210481,0.09721626474272875,-0.07189562848062395,1243274.0,0.0,0.07189562848062395,0.07186417248145965,0.06901230808045551,0.07477952887350749,1.2724342922061602,NE,1,1,-0.0013678858183857833,0.0179793916048554,-0.01934727742324118,1751378.0,1.2022605595284083e-250,0.020889214010300895,0.020868733311212858,0.01967865503421662,0.022173839250959285,1.309962590473923,NE,1,1,-0.0009085477968022803,0.032481256867715566,-0.033389804664517846,1890998.0,1.3610151736753615e-216,0.03350463216155611,0.03356320021538096,0.03157981188164049,0.03566742566787306,0.6833487920214402,NE,1,1,0.00045933802158350305,0.014501865262860162,-0.01404252724127666,2741275.0,3.1689194851370607e-63,0.014066564439204203,0.014100105003310017,0.012553426641664053,0.01571835438233262,0.16315502549571348,NE,1,8,1,NE
NGC4800,W,NW,SE,1,0.043370235227482005,0.048224359127677224,-0.004854123900195219,61633.0,0.00195543460741399,0.011615027609689365,0.011771672740146955,0.008773787523871396,0.014849458328207266,0.6377087184701875,NW,1,1,0.045569499369575044,0.06287140513414406,-0.01730190576456902,47823.0,1.124814468358616e-14,0.019393272008177212,0.020064352737768895,0.01630344676118871,0.02401097240869582,1.1824081434209013,NW,1,1,0.052014596474614164,0.08438765118131103,-0.032373054706696866,40705.0,5.022077352102668e-24,0.03237305470669686,0.03237946971375137,0.025966638385122816,0.03932011184479373,1.4837971269823442,NW,1,1,0.05938405773556104,0.09585811576373543,-0.03647405802817439,40990.0,1.3250005798348775e-23,0.03647405802817438,0.036464685690005355,0.029389428178507544,0.04386633768360574,1.4222522419066663,NW,1,1,0.002199264142093028,0.014647046006466836,-0.012447781864373808,25247.0,9.06537427679386e-53,0.012447781864373808,0.0124489464114139,0.011063440224225509,0.013874983888837044,3.1537821679336595,NW,1,1,0.00864436124713215,0.0361632920536338,-0.027518930806501647,23981.0,1.2298680292451123e-55,0.02751893080650164,0.027578905607675053,0.02407406301431291,0.031088565146579508,2.7934608196849746,NW,1,1,0.016013822508079034,0.047633756636058205,-0.03161993412797917,26848.0,2.966613538623413e-49,0.03161993412797917,0.0316408914407318,0.027620891772913925,0.03599411754452311,1.753010036740914,NW,1,1,0.006445097105039124,0.021516246047166957,-0.015071148942127834,30144.5,2.078164701229224e-42,0.015071148942127834,0.015003638405413926,0.012993157060003604,0.017122364676756416,1.7044838641395017,NW,1,1,0.013814558365986008,0.03298671062959137,-0.019172152263605358,33423.0,4.0079615035980184e-36,0.019172152263605365,0.019156094291212,0.016145063904976713,0.022110612613148853,1.083771792905856,NW,1,1,0.007369461260946884,0.01147046458242441,-0.004101003321477527,41239.0,3.0698458363416995e-23,0.004121383005458844,0.004306577430357722,0.0034838853859518997,0.005401308843001425,0.5545786443053415,NW,1,10,1,NW
NGC4845,SE,N,S,1,0.2793864289332387,0.2294875368114038,0.049898892121834876,7322651.0,2.4947258842163907e-168,0.049898892121834876,0.0499049180654163,0.04665893403771989,0.05334142331181718,0.2862398845138606,S,1,1,0.3594097073255742,0.25966986927264524,0.09973983805292896,8550932.0,0.0,0.09973983805292894,0.09974055193269293,0.09600200627679198,0.10366708539841323,1.0489018645129664,S,1,1,0.385904974690333,0.2707743409779548,0.11513063371237825,8704481.0,0.0,0.11513063371237822,0.11513447088685183,0.11069274020634848,0.1190955352417168,1.1972277582408288,S,1,1,0.39106347568299243,0.26863607326236094,0.12242740242063149,8774597.0,0.0,0.12242740242063149,0.12249719618171562,0.11780755508954324,0.12710911194510824,1.302851629534588,S,1,1,0.0800232783923355,0.03018233246124145,0.04984094593109405,9504545.0,0.0,0.04984094593109406,0.0498606548033778,0.048380833873272196,0.0514203428249406,1.7160702887925727,S,1,1,0.10651854575709431,0.04128680416655096,0.06523174159054335,9365443.0,0.0,0.06523174159054336,0.06525075976498715,0.06286634201578617,0.06761178453367754,1.4639250497041454,S,1,1,0.11167704674975377,0.039148536450957144,0.07252851029879663,9345412.0,0.0,0.07252851029879662,0.07252252569923974,0.06993574603771474,0.07529824944192466,1.4390959332012405,S,1,1,0.02649526736475882,0.011104471705309512,0.015390795659449308,8778430.0,0.0,0.015520242911645003,0.015540973799165306,0.014732276492810335,0.01638008437653191,0.7797199454586323,S,1,1,0.031653768357418254,0.008966203989715699,0.022687564367702556,8843828.0,0.0,0.022865697982405998,0.022888406630233882,0.021814913965031036,0.02393553644126364,0.9748896522573831,S,1,1,0.00515850099265944,-0.002138267715593813,0.007296768708253253,8319479.0,0.0,0.007460618343642767,0.007462698646449459,0.007094402317760813,0.007850248148003175,0.5214406005560891,S,1,10,1,S
NGC5443,SE,NW,SE,1,0.07696755016581598,0.06722632263743014,0.00974122752838584,2380538.0,1.3107147580018026e-23,0.00974203675556509,0.009777435629486728,0.008059124564241562,0.011551198067947894,0.14408068638128135,SE,1,1,0.09444366793524896,0.07827306430463019,0.01617060363061877,2542172.0,3.9065273148610783e-47,0.01617060363061877,0.016136213768833882,0.014165308064268098,0.018112067961243063,0.2235048633563457,SE,1,1,0.1026449993898781,0.08391191673944408,0.018733082650434024,2568996.0,7.53510087341181e-52,0.018733082650434035,0.018686505706720587,0.01648221598825881,0.02080540270247513,0.21606422030517106,SE,1,1,0.10810635276378193,0.08874509372427712,0.019361259039504808,2550852.0,1.2343464233220337e-48,0.01936125903950481,0.019441968313529106,0.017053861491020502,0.0218046787603724,0.1917014786222579,SE,1,1,0.017476117769432975,0.011046741667200063,0.006429376102232912,2880684.0,1.3670669102991441e-123,0.0064293761022329084,0.006433911243634836,0.005871718778902748,0.006977700314701507,0.48931170096203114,SE,1,1,0.025677449224062125,0.016685594102013954,0.00899185512204817,2843988.0,1.604382648192172e-113,0.00899185512204817,0.008983843023965831,0.008114164914162668,0.009870068399999434,0.4374093434710542,SE,1,1,0.03113880259796594,0.021518771086846994,0.009620031511118947,2725292.0,6.427648787338889e-84,0.009620031511118947,0.009633773673516484,0.00847793386097009,0.010898105592519627,0.36486338435033394,SE,1,1,0.008201331454629151,0.0056388524348138895,0.0025624790198152617,2610467.0,1.3589225274529165e-59,0.0025874044816629714,0.0026044519801904824,0.0022038671234421493,0.003070070841863404,0.213713806969486,SE,1,1,0.01366268482853297,0.010472029419646929,0.00319065540888604,2500501.0,2.8709959299747964e-40,0.0036568570477112,0.0037233743267210515,0.0032852544849394896,0.004254229521896131,0.22282689160626723,SE,1,1,0.005461353373903818,0.0048331769848330396,0.0006281763890707785,2242899.0,3.745493470413823e-10,0.0012956195023541422,0.0013374696150738735,0.0010823314081906336,0.001601392963840323,0.07998872965674353,SE,1,10,1,SE
NGC5522,SE,NW,SE,1,0.14072546711051245,0.1471457614411215,-0.006420294330609033,258884.0,0.05196093455165723,0.008289470895416078,0.008663357845093294,0.00428473791281321,0.014008497845225195,0.08162388158988748,NW,-1,1,0.17315301284580906,0.16741696331827735,0.005736049527531706,285884.0,0.18325908242549915,0.006920331715448093,0.00871710359644206,0.005254584834574959,0.013910452602919964,0.11392687966768412,SE,1,1,0.19891047219256527,0.18484602572992262,0.014064446462642655,296005.0,0.010521886289199882,0.014183679664466067,0.014964661879034075,0.007888306079612953,0.022966301058806378,0.17000801007584362,SE,1,1,0.2074302172445116,0.18617008043550995,0.021260136809001656,305398.0,0.00021790091382542067,0.0212601853828693,0.02118030633709231,0.012494736496245721,0.030326269823824317,0.17051037708704916,SE,1,1,0.0324275457352966,0.020271201877155892,0.012156343858140711,363657.0,5.172643467176118e-27,0.012156343858140706,0.012107875354390476,0.010073603005763088,0.014169011417075345,0.4403757723635078,SE,1,1,0.058185005082052835,0.03770026428880115,0.020484740793251688,360354.0,3.6926714738962e-25,0.020484740793251688,0.020355750159117298,0.01720995567540242,0.0236317001470825,0.7614876863542126,SE,1,1,0.06670475013399915,0.03902431899438849,0.02768043113961066,371397.0,1.2568146762137652e-31,0.02768043113961066,0.02759448802673389,0.023884182968793417,0.03159622991877185,0.8396387830669949,SE,1,1,0.02575745934675624,0.017429062411645255,0.008328396935110987,344411.0,3.500635862637454e-17,0.008328396935110984,0.008328483740429703,0.006931524124833057,0.009881413496780265,0.5073610172679647,SE,1,1,0.034277204398702556,0.018753117117232602,0.015524087281469954,372128.0,4.403849093204114e-32,0.015524087281469957,0.015563227739406873,0.013479407325800503,0.017743721233397118,0.6036608697592091,SE,1,1,0.008519745051946323,0.0013240547055873475,0.007195690346358976,391608.0,1.8092082553117674e-45,0.007195690346358975,0.007188687202701922,0.0063156078635705345,0.008137607513563131,0.6045583503687133,SE,1,8,1,SE
NGC5533,SE,W,E,1,0.00982959083969966,0.011086002345974701,-0.0012564115062750417,509137.0,0.307936187984583,0.0016652909790101234,0.0018171342735928135,0.0010926351513301945,0.002574781789541095,0.2119931865888878,W,-1,1,0.018929189378692802,0.012253630214078907,0.006675559164613895,696631.0,8.998830182478603e-39,0.006707687363139385,0.006728855984813355,0.0057824828186447165,0.007650720912933975,0.3714247199708018,E,1,1,0.017740513797978037,0.009553398560808406,0.008187115237169631,706725.0,3.3861488913594932e-43,0.00818711523716963,0.008178785273428222,0.0071434966400444715,0.009243865011372771,0.40720444577992715,E,1,1,0.014221364087407061,0.004712239653420402,0.00950912443398666,705383.0,1.3557302430828458e-42,0.00968894885288617,0.009666569500820005,0.00835785690792056,0.01101100709369279,0.3792330456659012,E,1,1,0.009099598538993146,0.001167627868104205,0.007931970670888942,939942.0,2.4361324837004102e-214,0.007931970670888942,0.007918065907180605,0.007177436028310521,0.008669799174826482,1.8571863900614802,E,1,1,0.007910922958278381,-0.0015326037851662957,0.009443526743444676,966820.0,1.446714755320252e-242,0.009443526743444676,0.009441823062205966,0.00889156186482109,0.010027515990009811,2.058460701434482,E,1,1,0.004391773247707404,-0.006373762692554302,0.010765535940261705,918910.0,1.76816585577134e-193,0.010765535940261705,0.010765332544778738,0.010030643486741792,0.011512200870719616,1.349293739392423,E,1,1,-0.0011886755807147657,-0.0027002316532705006,0.001511556072555735,701122.0,1.037871013988974e-40,0.0018860618640941208,0.0019150953090128439,0.0016166083693494053,0.002243492004246825,0.3792456016593894,E,1,1,-0.004707825291285741,-0.007541390560658505,0.0028335652693727642,683793.0,1.678327685415998e-33,0.003234554879147422,0.003259906996525829,0.0026568115428702126,0.003905351294397937,0.2543440478570998,E,1,1,-0.0035191497105709763,-0.004841158907388005,0.0013220091968170287,634294.0,6.571479564222887e-17,0.001382701415677067,0.0014345756163649677,0.001080536303108991,0.0018192651029611592,0.17235551813068425,E,1,8,1,E
NGC5559,SE,NW,SE,1,0.19096386954590508,0.14688884361604462,0.044075025929860456,344224.0,6.825035112173675e-28,0.04412796358212011,0.04418061385773557,0.036651904348621256,0.051579590833453356,0.3244861170195343,SE,1,1,0.2284650050217659,0.14639700331748934,0.08206800170427656,398980.0,9.972830915329754e-72,0.08206800170427654,0.08205488161987111,0.07386796791664264,0.08993727308447214,0.8007102280353307,SE,1,1,0.25664282504718106,0.157946441181111,0.09869638386607005,417343.0,4.0101600908686464e-91,0.09869638386607002,0.098697335657547,0.09066000847815833,0.10756004382274369,1.1025405226305265,SE,1,1,0.2686562816056548,0.15760058051964773,0.11105570108600707,427852.0,2.7592848498312594e-103,0.11105570108600703,0.1109578744378965,0.10209494650498316,0.11976878424315442,1.2526414729014768,SE,1,1,0.03750113547586084,-0.0004918402985552504,0.03799297577441609,478586.0,6.896466658106141e-173,0.03799297577441609,0.037982158409630117,0.03565087067840306,0.04029645576980913,2.113179904944673,SE,1,1,0.065678955501276,0.011057597565066421,0.054621357936209584,481535.0,1.7298421671913372e-177,0.05462135793620958,0.054541881151718305,0.05133963665482429,0.05755908364911961,2.4462961220453803,SE,1,1,0.07769241205974972,0.010711736903603128,0.0669806751561466,477305.0,6.577615509991275e-171,0.0669806751561466,0.06695177883364903,0.06305665329275471,0.07090676301870096,2.2950267338584203,SE,1,1,0.02817782002541516,0.011549437863621673,0.016628382161793485,444622.0,2.691144172513882e-124,0.01662838216179349,0.016640697871350373,0.01539049976210033,0.017843209772784765,1.1301213128199952,SE,1,1,0.04019127658388888,0.011203577202158378,0.0289876993817305,447407.0,5.621391394203374e-128,0.0289876993817305,0.02895732527431335,0.02694332113637891,0.031115359589915157,1.294978046354458,SE,1,1,0.012013456558473721,-0.0003458606614632943,0.012359317219937015,402063.0,8.078701070917045e-75,0.012359317219937015,0.012363157184794818,0.011186719068215879,0.013575912991280241,0.6085521226992359,SE,1,10,1,SE
NGC5587,SW,E,W,1,0.053854938851945686,0.0475054157366607,0.006349523115284986,601453.0,1.918108959421035e-11,0.006355994012786723,0.006418420078565224,0.004642274011995342,0.008202956456860939,0.14776319315406733,W,1,1,0.06589529926528485,0.05362604697953553,0.012269252285749321,674664.0,1.2671257220635767e-34,0.012598664341633432,0.012681633385928433,0.010794921353233173,0.014643308473499957,0.24141016003990798,W,1,1,0.07171628211705965,0.05594930378189801,0.015766978335161635,710816.0,5.532656973840004e-51,0.016302403349537056,0.016385908968577795,0.014520604503621843,0.018235343412630528,0.4203284481641304,W,1,1,0.06800998718442941,0.05037453840146916,0.01763544878296025,732298.0,3.004426931557282e-62,0.01811115462846081,0.01816156986563488,0.016067769992374185,0.02026722732341867,0.390630305079797,W,1,1,0.012040360413339172,0.00612063124287483,0.005919729170464342,838780.0,4.1487407727384383e-135,0.0064394251967956305,0.006484692008505569,0.006028750456590727,0.006989098247863224,0.9359680796300839,W,1,1,0.017861343265113964,0.008443888045237316,0.009417455219876648,859245.0,2.3265852266836292e-152,0.009858560867811263,0.00993263394730464,0.009085240437826422,0.010768389724542709,1.176130573284817,W,1,1,0.014155048332483735,0.00286912266480847,0.011285925667675265,865562.0,6.762449922172942e-158,0.01181359211357806,0.011843111045932333,0.011080899449957559,0.01269491728261132,1.184021515656084,W,1,1,0.005820982851774791,0.0023232568023624856,0.0034977260494123055,810436.0,6.033278682024145e-113,0.003530583989113554,0.0035609515332713586,0.0031876060798219632,0.003956070276972513,0.6738004780709932,W,1,1,0.002114687919144563,-0.003251508578066361,0.005366196497210924,813468.0,3.204441748277135e-115,0.005543571586712296,0.0055724374787758145,0.005136722286919502,0.006009738896529358,0.6967121759618617,W,1,1,-0.0037062949326302276,-0.005574765380428846,0.0018684704477986186,658468.0,2.3781411177644864e-28,0.002162519557091761,0.0022070280171659746,0.0018327353465895492,0.002595265003064003,0.20488371858501225,W,1,10,1,W
NGC5616,NE,E,W,1,0.11335009029876655,0.0941438960118372,0.01920619428692935,695119.0,3.974390344411259e-10,0.02017822998921029,0.020451969712674545,0.015794239669901036,0.025320766774651966,0.33319799319945814,W,-1,1,0.13486899414279782,0.1228459842558564,0.012023009886941424,641030.0,0.009005073567904734,0.01716570581271844,0.017644845460402698,0.01298348776074987,0.02198468390958421,0.31004249329457306,W,-1,1,0.13931036785536322,0.13490141077304324,0.004408957082319975,602571.0,0.9828846210344142,0.01633756695911409,0.016661448227347116,0.012747909006661515,0.021023374149093204,0.2380025266237571,W,-1,1,0.13990104787245738,0.14364336078067852,-0.003742312908221135,569698.0,0.02833307634473165,0.013693016564139869,0.014198720020846123,0.010325922133700708,0.018589889225734596,0.16886593650907217,E,1,1,0.021518903844031274,0.028702088244019198,-0.0071831843999879234,474459.0,7.468836037339448e-18,0.007183184399987923,0.007241329464247172,0.005544427525113026,0.008937415020313026,0.19882620583420016,E,1,1,0.025960277556596672,0.040757514761206017,-0.014797237204609345,411931.0,1.2825943260175056e-37,0.014797237204609346,0.014852370548960391,0.01250398043095673,0.017317981474308,0.33065340066004767,E,1,1,0.026550957573690845,0.04949946476884132,-0.022948507195150472,384486.0,1.0393934434300107e-48,0.022948507195150465,0.022976768542230946,0.01976741837830306,0.02610434141747548,0.41198706228960646,E,1,1,0.0044413737125653975,0.01205542651718682,-0.007614052804621423,327787.0,2.648399307321737e-76,0.007614052804621423,0.007614827991675689,0.006782431533360545,0.008443772131382624,0.5302048317118073,E,1,1,0.005032053729659573,0.020797376524822116,-0.01576532279516254,301958.0,5.746573082870285e-91,0.015765322795162545,0.015770821400345927,0.014016924666074602,0.017593730075279212,0.6048623078734812,E,1,1,0.0005906800170941753,0.008741950007635299,-0.008151269990541124,360502.0,1.3020124322938861e-59,0.008177241294147474,0.008220290118249826,0.007067558540803559,0.009441462659304567,0.34760605806972017,E,1,4,1,E
NGC5656,SE,NW,SE,1,0.031138100041826836,0.03319200567652566,-0.002053905634698823,585390.0,0.32631910245676254,0.00498127806412957,0.005181993019530728,0.0038918331161044745,0.00657290841106923,0.14698721659941336,NW,-1,1,0.04031278665183385,0.037107638854714825,0.003205147797119022,685408.0,1.3557564684112099e-15,0.01052128351797324,0.010614109967531333,0.009150554719766713,0.012175478254480947,0.25635005795175975,SE,1,1,0.043910676892462544,0.037422041971298135,0.006488634921164409,727334.0,8.562529444996065e-28,0.013628332975056156,0.013749410758232238,0.011936825789546962,0.015425209944623467,0.30026621797414094,SE,1,1,0.037366788127280774,0.02762574922482482,0.009741038902455954,745659.0,2.7163794581251683e-34,0.016639338214528728,0.016670749846837682,0.014712960662858971,0.018522539300788624,0.37491297808140256,SE,1,1,0.00917468661000701,0.003915633178189176,0.005259053431817834,893367.0,1.0644328672689919e-112,0.005612249168778529,0.005647706395429152,0.005230851276317517,0.006035819751333334,0.7990492642679623,SE,1,1,0.012772576850635702,0.00423003629477248,0.008542540555863221,907805.0,7.487343837201787e-123,0.009161274273662257,0.009250718228502191,0.00863264657853332,0.009920001195435965,0.9251297205865329,SE,1,1,0.006228688085453932,-0.005566256451700828,0.01179494453715476,895851.0,2.0510030821702667e-114,0.012463082272068344,0.01245220801011487,0.011438458110969737,0.013539039731331312,0.7631463187215937,SE,1,1,0.003597890240628692,0.00031440311658330333,0.003283487124045389,863465.0,4.4017148019929735e-93,0.003627960491623574,0.003637006649476472,0.0032424913535991843,0.0040420649856833454,0.5586176374189578,SE,1,1,-0.002945998524553077,-0.009481889629890003,0.006535891105336926,812503.0,4.942021786248655e-64,0.006575899278511528,0.006595869910664781,0.005702690934072579,0.007570515786011171,0.31630207553933287,SE,1,1,-0.006543888765181771,-0.009796292746473307,0.003252403981291536,727859.0,5.705701228039087e-28,0.0032524039812915385,0.0032685299670727388,0.002572156856627977,0.004008035232333359,0.16556527216133965,SE,1,8,1,SE
NGC5676,SE,NW,SE,1,0.11906397095524952,0.11283993077296499,0.006224040182284535,1064441.0,5.8806642245225513e-05,0.00729266740125699,0.008008704562629042,0.005641213481019158,0.010818053348139867,0.0949742635774302,SE,1,1,0.13698085261735177,0.12387575270885329,0.01310509990849848,1124079.0,9.843544857062613e-12,0.013194660370901883,0.01358750776895849,0.009813263939891122,0.017710780367042336,0.10921332038381065,SE,1,1,0.14665129235933638,0.12979194913111217,0.016859343228224216,1145925.0,4.831394571627231e-15,0.016914114895012128,0.017031619621656575,0.012665969185329785,0.021474740821792886,0.12823064359117906,SE,1,1,0.14731157035652795,0.125620831933791,0.021690738422736944,1190088.0,4.2393959224127013e-23,0.021703941544742696,0.02191785900714298,0.017576494599493033,0.026465721787497204,0.14466067662562593,SE,1,1,0.01791688166210224,0.011035821935888283,0.006881059726213957,1337047.0,3.640425988918819e-63,0.00689853303211597,0.006900379690752183,0.0061285622028121045,0.007653012532025027,0.2572760644221871,SE,1,1,0.027587321404086835,0.016952018358147188,0.010635303045939647,1335238.0,1.5088347941531692e-62,0.01068422910010578,0.010691605018433754,0.009427409085542026,0.011898285412728967,0.3327999947483662,SE,1,1,0.028247599401278436,0.012780901160826008,0.015466698240452428,1437548.0,2.3957845754548087e-102,0.015466698240452426,0.015500017402394359,0.014208624787645048,0.016895283686625524,0.46034312697749113,SE,1,1,0.009670439741984593,0.005916196422258905,0.0037542433197256878,1303770.0,2.6532737546470162e-52,0.0038563119731014374,0.0038930600511603024,0.003402215619709784,0.004403975170962523,0.18810188434981823,SE,1,1,0.010330717739176194,0.0017450792249377263,0.008585638514238467,1492426.0,8.66999143499926e-128,0.00864512116169799,0.00865614060690644,0.007968684889437944,0.009320345767084907,0.4558278709691646,SE,1,1,0.0006602779971916013,-0.00417111719732118,0.004831395194512781,1440261.0,1.544847702330673e-103,0.005072670981649137,0.005069003147610817,0.004597413602252954,0.005550757996619148,0.33943578903743044,SE,1,10,1,SE
NGC5690,SW,NE,SW,1,0.03558259023332108,0.03797786834034881,-0.0023952781070277276,1399217.0,0.338219354812225,0.0030405496465927898,0.0033460634190600625,0.002112288397921456,0.0048010333629716845,0.07185508727827127,NE,-1,1,0.04222724034782137,0.041936782333670056,0.00029045801415131245,1472448.0,0.1039299236891685,0.004249761284534359,0.004555400562823101,0.0030991014783871037,0.0060506462748073555,0.07333269466870135,SW,1,1,0.037490891629374606,0.03594709305888375,0.001543798570490855,1524755.0,0.0005172770465000543,0.0053108020220070835,0.005543003172353431,0.0040410203449661,0.0072196735029774394,0.10602545007346702,SW,1,1,0.028809854888591106,0.024077443416363108,0.004732411472227999,1608091.0,1.436229698090726e-10,0.007646547823497719,0.007809850774481776,0.005982189624304038,0.009796184581310277,0.10073536813075744,SW,1,1,0.006644650114500277,0.003958913993321259,0.0026857361211790175,1790778.0,7.779292843842973e-38,0.0028279506274255565,0.002854091191811831,0.0021954306281226684,0.0035743316442776963,0.2090918262522068,SW,1,1,0.001908301396053525,-0.002030775281465053,0.003939076677518578,1784598.0,1.2751364683622072e-36,0.004080097452687112,0.0041060653388347215,0.0031802532243646996,0.0050896868937256885,0.17683820311107182,SW,1,1,-0.006772735344729975,-0.013900424923985693,0.0071276895792557185,1824436.0,8.229044278702002e-45,0.007142724557314859,0.007171355942518592,0.005989363806757934,0.00844894926239902,0.21456338028267263,SW,1,1,-0.004736348718446751,-0.005989689274786312,0.0012533405563395607,1560483.5,2.2203471011366626e-06,0.0013840311625863213,0.0013972311146564203,0.0010761502184069055,0.0017344533481151178,0.0959083241730462,SW,1,1,-0.013417385459230251,-0.01785933891730695,0.0044419534580767,1713213.5,4.456149046101429e-24,0.004591717371195092,0.004585712060557064,0.0038575265405665733,0.00537444895556124,0.15572194980003537,SW,1,1,-0.0086810367407835,-0.011869649642520639,0.0031886129017371385,1748179.5,7.023407000258624e-30,0.0033117182935714752,0.0033176236408945952,0.002784593717614205,0.0038508893588824664,0.16656508130523262,SW,1,8,1,SW
NGC5750,NW,NW,SE,1,0.029526986503912785,0.033349538830972386,-0.0038225523270596015,1758806.0,3.1993713776983024e-17,0.004118679309459403,0.004261963529313464,0.0034482080921660863,0.005137652849387336,0.10305576070695845,NW,1,1,0.021700907742129873,0.02536573131017725,-0.0036648235680473776,1657480.0,8.25042400255811e-29,0.006862544068329269,0.0069194319856240825,0.0056863493006363754,0.008125557908992517,0.19895158761998724,NW,1,1,0.029560282565648802,0.03504411375672981,-0.00548383119108101,1601265.0,1.3641483484936386e-36,0.007578798235592632,0.007595518753909742,0.006505094064223155,0.008721575391242692,0.1656500439484677,NW,1,1,0.015915718837071536,0.02334026608960717,-0.007424547252535635,1583089.0,2.581903399673573e-39,0.009616865552643426,0.009632363097706426,0.008339900334845756,0.010954482767060621,0.2863777178346449,NW,1,1,-0.00782607876178291,-0.00798380752079513,0.00015772875901222047,1673765.0,9.777983762520271e-27,0.003949933749386658,0.003996098433594013,0.0030071963478121755,0.005057910640053746,0.22558647909923096,SE,-1,1,3.3296061736024856e-05,0.001694574925757431,-0.001661278864021406,1444424.0,2.0227537362406028e-63,0.004726039679993479,0.004772530955264281,0.004034863618268549,0.005623297932000368,0.28464134611753156,NW,1,1,-0.013611267666841245,-0.010009272741365208,-0.003601994925476037,1601143.0,1.308947225155312e-36,0.006161369622530356,0.006219697179734204,0.005205055606366134,0.0073439840312933624,0.1603534810237371,NW,1,1,0.007859374823518934,0.00967838244655256,-0.0018190076230336256,1786705.0,1.4029536419273309e-14,0.0019183147642108716,0.002100039950861344,0.0014650599112857004,0.0028988838455257138,0.1473107491402128,NW,1,1,-0.005785188905058335,-0.0020254652205700793,-0.0037597236844882555,1578306.0,4.770802235332492e-40,0.003759723732109038,0.003746186398478442,0.003214390085393677,0.004334150060580144,0.23584350307703145,NW,1,1,-0.01364456372857727,-0.011703847667122638,-0.0019407160614546316,1891208.0,8.96281138539442e-07,0.002408727733145051,0.0024772392338169463,0.0015296827373756572,0.003438042838912701,0.09508774333249889,NW,1,8,1,NW
NGC6118,NW,NW,SE,1,0.18058614542910073,0.18679153045632854,-0.006205385027227811,735095.0,0.18860405716224715,0.006354833734731615,0.007852799627786558,0.00393605860512984,0.013966763295959599,0.07489894170820062,NW,1,1,0.1865345637402961,0.20626851023806292,-0.01973394649776683,680821.0,1.131918835229108e-05,0.019948013942663458,0.02017644654001292,0.012708098024205252,0.027180134167636816,0.16038819619247036,NW,1,1,0.17879866909244674,0.20923739520272908,-0.030438726110282338,634342.0,2.1535069051288352e-12,0.030849549488384947,0.03102107614479403,0.02315449122561919,0.038720855949451516,0.23223326695386498,NW,1,1,0.16216672377285776,0.19742677602320238,-0.03526005225034462,615606.0,6.171113011840321e-16,0.035650821093699825,0.035852384344791356,0.02740388226439574,0.04330371232965566,0.20551295140101486,NW,1,1,0.005948418311195342,0.0194769797817344,-0.01352856147053906,513959.0,1.3450112939575574e-43,0.013528561470539057,0.013533717194669769,0.011648904892061785,0.015462244377983195,0.28967222197308273,NW,1,1,-0.0017874763366539847,0.022445864746400545,-0.02423334108305453,407742.0,8.163088996245908e-88,0.024270301949100133,0.024304813320537143,0.021828144769698455,0.026862210741194364,0.666492411453827,NW,1,1,-0.018419421656242982,0.01063524556687387,-0.02905466722311685,441144.0,3.213603007149229e-72,0.029336718297896098,0.029353609903006134,0.02624980638057161,0.03257485063526597,0.49342789820208394,NW,1,1,-0.007735894647849326,0.002968884964666144,-0.01070477961251547,473515.0,1.3823596845199138e-58,0.010787614535142542,0.010857149260791905,0.009589790333572297,0.012099464511681026,0.41701891950576075,NW,1,1,-0.02436783996743832,-0.00884173421486053,-0.015526105752577788,511683.0,2.2159771179213425e-44,0.015768926030723364,0.015791352219504593,0.013837922153442591,0.017852167287600133,0.2984776567022629,NW,1,1,-0.016631945319588993,-0.011810619179526674,-0.004821326140062318,658556.0,1.585804880098251e-08,0.004929259776860359,0.004995865482936292,0.0033641771639725485,0.0066087650176490185,0.04947603999809741,NW,1,10,1,NW
NGC716,NW,NW,SE,1,0.052835074105634074,0.036146081760712975,0.0166889923449211,386463.0,6.687013619714058e-14,0.016820181803127315,0.017102700629368386,0.012888134239192238,0.021364034723411897,0.3126665174975127,SE,-1,1,0.06313550537425672,0.054731082113785,0.008404423260471715,340823.0,0.011509578906152867,0.015576228581314893,0.015938659253255816,0.01179553489619675,0.020121019710002457,0.37932505417076257,SE,-1,1,0.06414233402082502,0.06389796236817702,0.0002443716526479983,319169.0,0.864843867275277,0.019661963479369556,0.01989997898405464,0.015470694664910616,0.024385631382071466,0.47230349923412074,SE,-1,1,0.0631204993466527,0.07269496838350345,-0.009574469036850747,297052.0,0.025306522776676287,0.02353027192750413,0.023906529287859933,0.01920377755628772,0.02868431448391829,0.5117978609460336,NW,1,1,0.010300431268622644,0.01858500035307203,-0.008284569084449387,253351.0,2.6963112177317717e-12,0.008718484137872557,0.00893853207337624,0.00699604600274362,0.010900932443874878,0.5297593345119092,NW,1,1,0.011307259915190953,0.027751880607464037,-0.016444620692273086,243687.0,8.663449371343332e-16,0.016491271748535066,0.01664014416387606,0.013479777897091563,0.0202725464937721,0.7213358397518745,NW,1,1,0.01028542524101862,0.03654888662279047,-0.026263461381771845,220034.0,2.4413186641645113e-26,0.02626346138177185,0.026380417692973054,0.02212765126995903,0.030541104231850042,0.9322523538947463,NW,1,1,0.00100682864656831,0.009166880254392008,-0.008160051607823697,223590.0,1.431021526279747e-24,0.008160051607823699,0.008203963743540857,0.006916472881362465,0.009446983043980523,0.8674602633108353,NW,1,1,-1.5006027604023524e-05,0.017963886269718433,-0.017978892297322458,187345.0,1.2863344966435513e-45,0.01797889229732246,0.01798341610478617,0.01587163290356695,0.020055987504383158,1.3713989409125191,NW,1,1,-0.0010218346741723335,0.00879700601532643,-0.009818840689498764,176385.0,2.6429089150569557e-53,0.009818840689498766,0.009790044796406267,0.008671433271380482,0.01091036538024155,1.0913170228977238,NW,1,4,1,NW
NGC7448,SW,E,W,1,0.059962640479657076,0.08118806644033877,-0.021225425960681693,791490.0,8.81083011667278e-22,0.021579448376585795,0.02164739170190201,0.017241995276599403,0.026074613272881117,0.12846846952763347,E,-1,1,0.07963236749982182,0.10424039783901272,-0.0246080303391909,793037.0,1.7532907514926243e-21,0.025382638167487547,0.025365725537718684,0.020395960621158123,0.030449795599766256,0.1512756975912436,E,-1,1,0.08657373622466748,0.10947133306013328,-0.0228975968354658,828242.0,2.8530536021685335e-15,0.0234749299550282,0.023726627030272212,0.01817399564816798,0.029484987008717493,0.11667527742752938,E,-1,1,0.0829267968000915,0.10190114763721943,-0.018974350837127923,864436.0,4.662257148940322e-10,0.022511515988216078,0.02270086164472827,0.017443394618842874,0.02765632637858077,0.1235178556909283,E,-1,1,0.01966972702016473,0.023052331398673936,-0.0033826043785092075,871259.5,3.3030835783820483e-09,0.005348959723977179,0.005373146675307465,0.00447709155237831,0.0063287646642433025,0.13455705148780156,E,-1,1,0.02661109574501039,0.028283266619794495,-0.0016721708747841034,960905.0,0.07398671130858102,0.004011320089188284,0.004052812827071231,0.0028283943937442136,0.005355405623213101,0.08397139333198543,E,-1,1,0.022964156320434415,0.020713081196880655,0.002251075123553759,1022437.0,0.29490110673932146,0.006426859283452141,0.006658274016986567,0.005474679513442972,0.00783880326128603,0.1413170973835282,W,1,1,0.00694136872484566,0.005230935221120558,0.0017104335037251015,1104821.0,1.28507514476894e-06,0.0017211530175325223,0.0017715901872824987,0.001141683891974651,0.002471852041062739,0.04518874076220203,W,1,1,0.0032944293002696826,-0.0023392502017932837,0.005633679502062967,1182980.0,3.117875559794161e-17,0.005717024468948065,0.005802917989129111,0.0047634303674569545,0.006870873450102081,0.13730868600720147,W,1,1,-0.0036469394245759773,-0.007570185422913842,0.003923245998337864,1179489.0,1.2187240679121235e-16,0.003953868435203541,0.003993727720157137,0.0032801794007916237,0.004739882832148019,0.10283336394641918,W,1,-2,-1,E
NGC7721,W,W,E,1,0.16073229067855774,0.1637288205050311,-0.0029965298264733597,2224786.0,0.5394516563331136,0.006421123674330379,0.00733664917134654,0.0047928455554942465,0.01014478078148311,0.05762687041844555,W,1,1,0.17432029081690095,0.19836643177276755,-0.0240461409558666,1935700.0,3.777091818717915e-15,0.024120616871675785,0.024056699646540287,0.018116710437905928,0.029369505322603354,0.09952093419855249,W,1,1,0.17628609716363644,0.21146647266355093,-0.035180375499914485,1796758.0,7.77142772025821e-30,0.035268362608256575,0.03536621424381579,0.02937839618467841,0.041436277331296796,0.15816125436574807,W,1,1,0.174276902392699,0.21660874509167943,-0.04233184269898044,1682095.0,6.793376856673574e-46,0.04233567112472644,0.0424803833790745,0.036412231511539994,0.04827193899298704,0.20086215648805666,W,1,1,0.013588000138343246,0.03463761126773644,-0.021049611129393197,1206765.0,1.3060306179314135e-150,0.02104965139262366,0.021087306893169473,0.019615230853147064,0.022655137072844674,0.6647940218376882,W,1,1,0.015553806485078734,0.04773765215851983,-0.0321838456734411,1042780.0,5.06709262788856e-201,0.03218720842444865,0.03217352605323406,0.030193102763401383,0.034040491020748326,1.3012573744073306,W,1,1,0.013544611714141284,0.052879924586648336,-0.03933531287250705,1168916.0,1.353885542230367e-161,0.03954565189272033,0.03957170235338235,0.03682557056152034,0.042350007232911206,0.6691280292168756,W,1,1,0.0019658063467354863,0.013100040890783378,-0.011134234544047892,1244812.0,5.809593365473292e-140,0.01118590032838813,0.011202455616219385,0.010414473927747834,0.012048852598624982,0.5678764052980766,W,1,1,-4.338842420195921e-05,0.01824231331891189,-0.01828570174311385,1371194.0,2.006047803035086e-107,0.018474813516067324,0.018462280954010174,0.01676026592701037,0.020192737371557773,0.2818325429657584,W,1,1,-0.002009194770937446,0.005142272428128509,-0.007151467199065955,1875137.0,6.5564909995680674e-21,0.007192266793762905,0.00720507557637023,0.0057279126437943025,0.008653617129170097,0.060864981788205014,W,1,10,1,W
NGC779,NE,NE,SW,1,0.0484476551411625,0.06532039557327185,-0.016872740432109352,1213137.0,3.171273958181313e-65,0.016872740432109345,0.01682992559201753,0.014864928975858671,0.01876750093917139,0.20069019146601738,NE,1,1,0.05685503371635576,0.08315190867986018,-0.02629687496350442,1003305.0,3.2929294794863686e-120,0.026296874963504413,0.026323239417670015,0.024142282274063363,0.02839255354109261,0.3982080110757414,NE,1,1,0.06069341565614893,0.09164580052073504,-0.03095238486458611,925917.0,9.04185880681368e-145,0.030952384864586097,0.03087133876837312,0.028672916361892942,0.033128796824589614,0.4951177638328849,NE,1,1,0.0600241575608461,0.0941432089189077,-0.034119051358061606,924915.0,4.198576419483537e-145,0.03411905135806163,0.0341426226237199,0.03157784244256556,0.03661290455379739,0.5339229895828814,NE,1,1,0.008407378575193263,0.01783151310658833,-0.009424134531395066,641570.0,7.52116322329346e-255,0.009425357970351041,0.009445951895107331,0.008852949348515066,0.010076928194299417,1.2131938921737033,NE,1,1,0.012245760514986426,0.026325404947463178,-0.014079644432476751,628446.0,1.1028576797694184e-260,0.014079644432476755,0.014100277656715593,0.013267513752983896,0.01495754556393987,1.5954160549154643,NE,1,1,0.011576502419683596,0.028822813345635884,-0.017246310925952288,705359.0,1.926329670243367e-227,0.017246310925952288,0.017276277171561473,0.016273479197401693,0.018292923721855533,1.3046170274016409,NE,1,1,0.0038383819397931635,0.008493891840874852,-0.004655509901081689,802362.0,9.030127366689145e-189,0.004655509901081687,0.004718078061141683,0.004332185798240687,0.0051388175383574215,1.417638842389746,NE,1,1,0.0031691238444903316,0.010991300239047553,-0.007822176394557222,900713.0,2.8744662724020617e-153,0.00782217639455722,0.007812268688917864,0.0070498725732651354,0.00862383772583533,1.6488237552837672,NE,1,1,-0.0006692580953028326,0.0024974083981727014,-0.003166666493475534,1196421.0,5.529239439924298e-69,0.0033742314650341727,0.0034333038668604853,0.0029923300073295116,0.003872013976675309,0.4630794369693604,NE,1,10,1,NE
NGC787,SE,N,S,1,0.057783639262501574,0.05300787726834689,0.0047757619941546856,494055.0,6.859550313130272e-07,0.0048610896707698276,0.004986905591966117,0.0031175330611790744,0.007027012857740637,0.12297363937228618,S,1,1,0.07436600069179765,0.06302402888856672,0.011341971803230932,553483.0,7.997051137215726e-24,0.011357550545257172,0.01150250984598181,0.009170142096370027,0.01383587546183381,0.21357759712816868,S,1,1,0.07667863927914251,0.06272519891009899,0.013953440369043515,570093.0,1.5046428876479181e-30,0.013960476575398404,0.014008476521654654,0.011496791845964248,0.01661999313201322,0.24410115414343533,S,1,1,0.07202582611690458,0.05862659538063177,0.013399230736272812,567781.0,1.4655071944185612e-29,0.013817805612206547,0.013918702725730129,0.011578895900081276,0.01636679550698848,0.2929431743277938,S,1,1,0.016582361429296068,0.010016151620219826,0.006566209809076242,671113.0,2.4228802331189506e-90,0.0066056084189670145,0.006739797493464467,0.0056938693681080664,0.007787505127502537,0.6739886266686517,S,1,1,0.01889500001664093,0.009717321641752104,0.009177678374888826,689076.0,2.2257742182123285e-104,0.00921407769316485,0.009254173951306814,0.007856385682550322,0.010681272795975714,0.7489090842528041,S,1,1,0.014242186854402995,0.005618718112284884,0.008623468742118112,672020.0,5.014650646582052e-91,0.009870762014550574,0.009942631554896633,0.008938756763549584,0.011044890941536555,0.6903313701138396,S,1,1,0.0023126385873448625,-0.00029882997846772283,0.002611468565812585,638526.0,1.6705087765084658e-67,0.002611484826240804,0.002628368292258578,0.002266078534736958,0.0030131976264628504,0.3377689796291715,S,1,1,-0.0023401745748930706,-0.004397433507934943,0.0020572589330418727,575720.0,5.018567678981178e-33,0.003101785491657609,0.0031347451065991527,0.0027132215898968202,0.003553735850645882,0.25736789672898563,S,1,1,-0.004652813162237934,-0.00409860352946722,-0.0005542096327707134,446930.0,0.3563096633959313,0.0008495620863569341,0.0009336043396667532,0.0006632578500974077,0.0012310662564301365,0.1245896447583648,N,-1,8,1,S
